stage,scenario,probability,xi1,xi2,xi3
1,1,1.0,0.7435813682660629,1.5562204479244945,1.7929700491106761
2,1,0.02,0.9448092374271783,1.1146498711039643,1.3591667831064769
2,2,0.02,1.20352802859582,1.1313201029367623,1.1810884835444289
2,3,0.02,1.522976149447794,1.5640882086231995,0.9000822227182468
2,4,0.02,1.8391984764477178,1.2837486068217039,0.810436626938181
2,5,0.02,1.2762990619204935,1.5181584468312581,1.6602337337052626
2,6,0.02,1.373864610739643,0.7373374299918452,1.4141014695530645
2,7,0.02,1.0121550636915322,0.8725142670562727,1.0360445358591694
2,8,0.02,0.912166108616187,1.3458264901714654,1.169613237979751
2,9,0.02,0.8852053209678552,1.3926433175983122,0.7799111496424707
2,10,0.02,0.740982046898023,0.9547797924432956,0.8594417749185936
2,11,0.02,1.0696405853461024,1.417736259059848,0.7705355951767756
2,12,0.02,0.800967578989182,1.2553956363293246,0.9232297525292532
2,13,0.02,1.778875956921147,0.5005839962997582,1.3240787456560552
2,14,0.02,0.8344095455473702,1.3053372374000434,0.9311057408439649
2,15,0.02,1.990423112450886,1.2292942002361589,0.8791627773897785
2,16,0.02,2.3319230543055816,0.6541478299369499,1.3206151695735224
2,17,0.02,0.6402532145512012,1.429382588599156,1.9099109747271514
2,18,0.02,1.1490485357092994,0.9039122379240716,1.7889168556387312
2,19,0.02,1.2532656393067896,1.6570717069628245,1.4068498765000854
2,20,0.02,1.6902861714106154,0.9364660121450571,1.3106958792996013
2,21,0.02,0.8480384392052278,0.9738083714572209,0.9549750849274253
2,22,0.02,1.864765456156611,1.0862738697560985,1.238002844477081
2,23,0.02,0.9553700107030817,1.4112377309358533,1.0338792167878217
2,24,0.02,1.31073222864657,1.568114849936522,1.1920322237350156
2,25,0.02,2.078565652473877,1.0090141848868337,0.6180117506457599
2,26,0.02,0.8911951308693838,1.223084103457441,1.6791546490492486
2,27,0.02,0.78782241112385,0.5732607844974136,1.0828228030136202
2,28,0.02,0.9879871159948883,0.9956202255165968,0.4516718256394033
2,29,0.02,0.5733836643970193,1.2995790233287123,0.9588499896924724
2,30,0.02,2.054760436065752,1.0421543575821537,1.4153494992652165
2,31,0.02,1.0303564516686405,0.7800050512832136,1.4724625231854174
2,32,0.02,0.9359840021406833,1.6029227132315753,0.7587077026009998
2,33,0.02,0.715888744026558,1.0482256521414428,1.1310744318964228
2,34,0.02,0.7629665984291693,1.3485919614950723,1.0629338538517146
2,35,0.02,0.7433697432561892,0.917907041846042,1.1890419205051788
2,36,0.02,0.6158983561047997,1.2726148134710722,0.9240356132814493
2,37,0.02,0.8154362199396544,1.6689051177750356,1.1034158142279284
2,38,0.02,0.6733865543038957,1.2301538093804951,1.1587912824927213
2,39,0.02,1.2533931109945697,0.8550499672063948,0.8943528745654398
2,40,0.02,0.8188805910519301,1.593480127151076,1.0626749175323404
2,41,0.02,0.7112289540176829,1.0193876929374348,0.8561110308779509
2,42,0.02,1.462477176093308,1.0803517182038394,0.8082605802394855
2,43,0.02,0.883234782761058,2.597265568701533,1.119542952904912
2,44,0.02,1.4493476489348296,0.8026156539792506,1.0435363855411162
2,45,0.02,1.2792023472993521,0.7406920004808814,1.7438769844061546
2,46,0.02,0.8391713464036462,0.8612541022379339,0.8345665567706562
2,47,0.02,1.8307507715558504,1.435717568189021,0.8721910365062536
2,48,0.02,2.1908755901878685,1.8498294125343944,1.5470578962938861
2,49,0.02,1.3134712360835419,0.9379571376918445,1.1144981411035988
2,50,0.02,0.7773352260854371,1.2567609791790804,0.9112135561529248
3,1,0.02,1.402132926134615,1.1866603588069657,1.581997499352364
3,2,0.02,1.2528782920720078,1.1053038908633397,1.3204443868721882
3,3,0.02,1.3442826217696577,1.632564525415071,1.174690978211681
3,4,0.02,0.8591743872183377,1.5055415475014202,0.8919938151780208
3,5,0.02,0.9609743470340373,1.7098806272742513,1.0051701576454388
3,6,0.02,1.3468009509623624,1.461186957730841,1.0213057014293023
3,7,0.02,1.5422325638211047,1.0653914838823102,0.9749324400543814
3,8,0.02,1.3860221305404354,1.0512399985259402,0.7542631718089003
3,9,0.02,1.0093878420910019,1.213436187197179,1.1755238422826857
3,10,0.02,0.6073953431450404,1.1857359391600601,1.5444516173965832
3,11,0.02,0.803407651046314,1.0205105841553745,0.9671155409345971
3,12,0.02,0.9384729013225378,1.4010362717478206,1.5771798779780677
3,13,0.02,0.8791394520393088,1.2148820507794604,0.9225751269988847
3,14,0.02,1.3835221979449723,1.3241439459390802,1.0756492752580926
3,15,0.02,0.8526750052311314,1.8440204519747194,1.4737192473234604
3,16,0.02,0.96970709784489,1.621371380610432,1.1452926365488245
3,17,0.02,1.278407965848214,0.790300290007153,0.9412576774166764
3,18,0.02,0.8577420129133004,1.0418854225281506,1.6524324646074044
3,19,0.02,1.255245404863824,0.8161620637068987,0.9357751542257142
3,20,0.02,1.4858042151523585,1.0098322078498692,1.1113703577825795
3,21,0.02,1.1125890052299663,1.061225281358476,1.1647723190377248
3,22,0.02,1.0619973021184,1.191568677135838,1.1497325674031014
3,23,0.02,1.0532221045482963,1.0703963195971138,0.7364420969008426
3,24,0.02,1.3272374186407085,0.7852619327362135,1.2864431009120758
3,25,0.02,1.0034173378613769,1.0010824683773782,1.0770899701547318
3,26,0.02,1.3479670857078325,0.9481542999740833,0.9140154539777487
3,27,0.02,1.5962098194253722,1.5667196550809432,0.7290640043878573
3,28,0.02,1.2760506988230507,0.7385299319206722,0.5582675970363639
3,29,0.02,1.2892184494467525,1.2631858800679625,0.886830388893072
3,30,0.02,1.3432632805363667,1.5281731481450636,1.2530379500225366
3,31,0.02,1.3560589125544942,0.8933633849975682,1.2608211409125991
3,32,0.02,1.3064619861887716,1.0872510768685846,0.9715598291271871
3,33,0.02,0.791623404214893,1.3991841710949933,1.2222662861403752
3,34,0.02,1.8493156550858179,1.978593021187288,1.6073495846381172
3,35,0.02,0.8148240261317442,0.9345667664461865,1.2050768607327818
3,36,0.02,1.153453108309496,0.8313749321052166,1.5275142234395709
3,37,0.02,1.0069945117952137,1.2222252558049616,1.6519334669960883
3,38,0.02,1.0642298532754821,1.298092161361731,1.0037223214125375
3,39,0.02,1.1101410370358158,1.4439876459557435,1.1728993235384457
3,40,0.02,0.7903608958607116,1.2295251424128093,0.5867491975641964
3,41,0.02,0.9610673441535443,0.9805717448392552,1.8495835927093194
3,42,0.02,0.6962207443360862,1.2245356855893945,1.0475606090386425
3,43,0.02,0.9304492228334775,1.1751433175935726,1.2063433826521197
3,44,0.02,1.1147238766198215,1.1366498162306997,0.7257868083025618
3,45,0.02,0.8242555073501621,0.5877996909929633,0.5990449764644018
3,46,0.02,1.2490158095652486,0.7310816769969997,0.9417327809179634
3,47,0.02,0.9905665394939166,1.6176418065830935,0.906213557944644
3,48,0.02,0.7457935181173667,1.2948927792872815,1.9042030031988844
3,49,0.02,0.8208722186950193,1.4416015819757337,1.4907423598758736
3,50,0.02,1.6608880938448316,1.0674667715411221,1.8852538071667766
4,1,0.02,1.1047467877041786,0.7241751548345021,0.722765283667247
4,2,0.02,1.7584384142373484,1.455714180022157,1.081207953583047
4,3,0.02,1.0327626088760016,1.090803299768414,1.2697044868043523
4,4,0.02,1.1274373338414552,1.576628969412502,0.7471500256491408
4,5,0.02,1.2344923760136486,0.8406995429283712,0.9421831403518042
4,6,0.02,1.404553331738588,1.021823546307086,1.1497549276752659
4,7,0.02,1.416765090266066,0.8153401489723653,1.346568119750694
4,8,0.02,0.9156473673832517,1.1355654394875319,2.087549756616109
4,9,0.02,1.606167950990044,1.1052694188843146,1.2629142836237046
4,10,0.02,1.043322293987378,1.2599774793252994,0.9403752755094045
4,11,0.02,1.3304724010004585,0.9377344802264314,1.5513586154775123
4,12,0.02,0.5891673485054465,1.0864368165159037,1.1295166140954274
4,13,0.02,1.1356152184485622,1.2589503560039537,1.373436799059683
4,14,0.02,0.7470511027202277,1.5321603219116264,1.2216887643055312
4,15,0.02,1.1452711990186664,1.1013698896985535,0.8152825468864238
4,16,0.02,0.9893721347793001,0.8180115838251937,1.0228696793969898
4,17,0.02,1.1975602164778583,1.1706209569564354,1.393575590655189
4,18,0.02,1.724444972926525,1.82080699299787,1.3392411424883714
4,19,0.02,0.6748806683521698,0.9907864166007866,0.783649958005183
4,20,0.02,1.3249447813709834,1.2286496657807056,1.5295407442623687
4,21,0.02,1.176152953615595,1.300739321367864,0.8731126134189418
4,22,0.02,1.3515831081109204,0.917485022730178,0.8437950771872736
4,23,0.02,0.9688907919415028,2.7191385897254263,1.5097426672169783
4,24,0.02,2.810548779747437,0.9520846839003075,1.0777623067606708
4,25,0.02,1.4951634535351745,1.057322384666531,0.9853515552691606
4,26,0.02,2.067628956029562,0.8350374461149245,1.2125276714148807
4,27,0.02,0.8001103726996541,0.930338057881108,0.9737006092605035
4,28,0.02,1.4044374736021523,1.1888424629965657,1.486000338225551
4,29,0.02,0.9010918685892795,1.4561847507025396,1.2504539878616345
4,30,0.02,1.3220064493110752,1.4503436261388054,0.9075588302943243
4,31,0.02,0.8313011816825868,1.0076984503610473,1.1771584819467418
4,32,0.02,1.332154335661218,1.56753194819831,1.2920788016676736
4,33,0.02,1.187823944044253,1.6761921964023139,1.474092510311011
4,34,0.02,1.3992834181508962,0.8262835712559207,1.3281932956335099
4,35,0.02,1.383957903814606,1.2270759929651613,2.015047951562908
4,36,0.02,1.3641306946393552,1.26698967879691,0.97798377701903
4,37,0.02,0.8092416615799429,0.8575661319361844,0.7945551277919292
4,38,0.02,1.0698934359750414,1.0232745407046953,1.614048328998732
4,39,0.02,1.1514494851909902,1.7451592270145524,0.7219779667702401
4,40,0.02,0.7555611263251496,0.8727877599205487,0.7145813138303552
4,41,0.02,1.0382243451887891,0.8135519668389781,0.9611099160831764
4,42,0.02,1.131672026179661,1.2301426197641085,1.5530957034705202
4,43,0.02,1.3544262357702381,1.4364283764361918,1.0762784991186074
4,44,0.02,0.7621093753469534,1.7434886855780736,1.0713042717543535
4,45,0.02,1.4458951289341782,1.0885780261436073,0.9895173429666974
4,46,0.02,2.0908533565995393,0.9679823016015253,1.001859608359399
4,47,0.02,1.2006815536641362,1.2281739004990864,1.0823103393045386
4,48,0.02,1.19132422664675,0.9068542535862189,1.4851355770924233
4,49,0.02,1.0579801438139451,1.0128807955084729,0.8125981383768992
4,50,0.02,1.7971932147415994,0.591734935486743,1.3540415396210708
5,1,0.02,1.738774265560806,1.7202978462137433,1.1330660793449088
5,2,0.02,1.7136566882394786,0.8581087164570274,1.218158359400468
5,3,0.02,1.5210383507870349,0.8042118320527467,1.038997847128629
5,4,0.02,1.0936238501824318,0.8892541178883033,0.7098736426717313
5,5,0.02,2.0650259773778243,1.1795044997067357,1.2384434968361029
5,6,0.02,1.1213711546808072,1.2478690146172176,0.780944622616575
5,7,0.02,0.9420367816547867,1.3882680202186015,0.8010398841843579
5,8,0.02,1.3285778339108285,1.1882480671563658,0.7096679840206765
5,9,0.02,1.040460942865587,1.2711653087577572,1.001855824933363
5,10,0.02,0.9629992223700516,0.8701423906468273,1.3259214675307773
5,11,0.02,1.5754192982939614,1.2343670918449152,2.32215149045336
5,12,0.02,1.196559317352745,0.7205615066161162,1.6340588457373637
5,13,0.02,0.914810744196829,1.4481493967230548,1.4335704815639332
5,14,0.02,0.8816705229261942,1.4632152933995526,0.7995262147061396
5,15,0.02,2.0147153958873565,1.0855071605134758,1.97039966985226
5,16,0.02,0.9029132863459682,1.3339602854067172,1.1547953260237867
5,17,0.02,2.308487391335407,1.5972373259231476,0.9209173104612925
5,18,0.02,1.32650506108823,0.7088162272095432,1.0613221617506825
5,19,0.02,1.5555412429327036,0.9860358919082258,0.8033873317241818
5,20,0.02,1.3923955360622742,0.8081153320546963,1.5542717762450595
5,21,0.02,1.0160957556053087,1.9882420620197774,1.5801889690128457
5,22,0.02,1.331454376059987,1.04090066664384,0.8443916668654844
5,23,0.02,0.6181100995323989,0.660177944881106,0.5799501411394531
5,24,0.02,0.6576152499239024,1.573311579539178,0.9257242724859048
5,25,0.02,1.31123833748176,1.2142468629444843,2.199183313377652
5,26,0.02,1.0856906847079664,1.2386869494485433,0.70764798038375
5,27,0.02,0.6869605745899917,1.4138375001541976,1.0206632636834256
5,28,0.02,0.6306558922939722,1.1912614619521091,1.1400227073739475
5,29,0.02,1.541101852912482,2.2270568086613993,0.9814756064946916
5,30,0.02,1.114353459812767,0.7752239341215756,0.7392307121172492
5,31,0.02,0.9909102660341452,1.1216635384016624,1.329961400025958
5,32,0.02,0.9772766249270989,1.3011066656040162,1.4511143775882793
5,33,0.02,1.2027485237027455,1.4026142427825574,0.8535046005263836
5,34,0.02,0.9841707076197129,1.8721457781259339,1.908571672143713
5,35,0.02,1.8102741767500303,1.0641564964859294,0.9969556625255317
5,36,0.02,1.0375585320654932,1.2154266473042006,0.6981403761326224
5,37,0.02,0.8856354707401647,0.813436991008387,0.8662108337902659
5,38,0.02,0.9936464060922244,0.6423347159753396,1.4383898970436069
5,39,0.02,0.8635452593342232,1.1008093229072893,1.38756529564574
5,40,0.02,1.2638183010204052,1.1098796350350428,0.9866161974169478
5,41,0.02,1.7894199446130399,1.0915903327673988,1.8784425529111377
5,42,0.02,1.517221423804364,1.3662570545812076,0.8602267169589866
5,43,0.02,0.7391557528621706,0.7385043910286875,0.7768177659751345
5,44,0.02,0.869439408099353,1.731111526951827,0.7527008185072818
5,45,0.02,1.7895847805148426,1.4407648860640752,1.5691021164405166
5,46,0.02,1.9229030034958365,1.034284919577116,0.7028060889447061
5,47,0.02,1.1317041389695053,0.7890134869196826,1.1697833591417908
5,48,0.02,1.740357177013153,1.2876441648629657,0.8589804449061167
5,49,0.02,1.2287997397758903,1.109580763554915,1.29157903071751
5,50,0.02,1.6087510516716939,1.3259804161098372,0.8844248367413312
6,1,0.02,0.7247637637563946,0.5935292467737755,1.3277722739696267
6,2,0.02,0.9947751678875744,1.2752803152239436,1.5432509860468038
6,3,0.02,0.9336094322127481,0.7415011740687143,0.6815352366056147
6,4,0.02,1.4393770135552575,1.918619713697568,1.385846854338021
6,5,0.02,1.1889922215800581,1.3683115479239067,0.770957415435046
6,6,0.02,1.2857393358505738,1.1515486597172755,1.342453447484752
6,7,0.02,1.7432792741941279,0.7167506376999874,0.9500708516927832
6,8,0.02,0.7900996888418789,1.6754778530475978,1.0740957645609575
6,9,0.02,0.9572075572317859,1.221892084279169,0.8151279761781411
6,10,0.02,0.7016553960063405,0.7846950525130301,1.0829236881418167
6,11,0.02,1.1809624295212298,1.128683054052828,0.8920180381605642
6,12,0.02,1.1170395109343338,1.08588802708065,1.0078576920003002
6,13,0.02,1.142718689547477,0.7886144965736199,0.9601403160312041
6,14,0.02,0.9157244507075231,1.2465683825767222,1.0462586048240627
6,15,0.02,0.9167320151123876,1.2792730122933627,1.9090320388177895
6,16,0.02,0.9797683129046627,0.9406226815348521,1.2371880501662507
6,17,0.02,1.5177552477644347,1.224725435375434,0.781274660577193
6,18,0.02,0.7652966215681318,1.4363294351257017,0.6640021577878364
6,19,0.02,1.438311525826985,1.4617313490793244,1.1024232601742172
6,20,0.02,1.329281007985136,1.1836614279703483,1.4198311341407057
6,21,0.02,1.244361047242808,0.6328806378496216,1.114758398588647
6,22,0.02,1.3983908024730503,1.3043699799007664,1.5207217704514884
6,23,0.02,0.9363766280616869,1.1070237715348918,1.8454822464160547
6,24,0.02,0.7074017284539229,1.0440864874300573,1.2541445040773915
6,25,0.02,2.654974834456711,0.9404312253075596,1.263008316785251
6,26,0.02,0.9716212393527264,0.8678485813701724,0.8552606706747033
6,27,0.02,1.2804279654555675,2.26707478792452,1.1068165723959618
6,28,0.02,1.2422417350390529,0.6342817778998474,0.8881895039072164
6,29,0.02,1.0303901892788523,0.9660718709319988,0.8489549767195051
6,30,0.02,0.8779015867437026,1.67413853237938,1.4398154338714195
6,31,0.02,1.3589895682175006,0.7727249992951719,0.777241409206423
6,32,0.02,1.1492228757022782,0.911162638920111,1.844790759298845
6,33,0.02,1.1981863670198836,1.0087436745935048,1.7462385480480822
6,34,0.02,1.2195005403650194,0.5870683292581393,0.6763597742591085
6,35,0.02,1.303828984817323,1.3279446422938304,0.7082078981120461
6,36,0.02,1.3466334682560333,1.4568273109005903,1.2742019651864065
6,37,0.02,1.4035136655589364,1.3077032010710603,0.9344318051713223
6,38,0.02,0.9382370603098658,1.4181989163589757,1.7412418843520447
6,39,0.02,1.3213884820835502,0.9606704400352379,1.2305337860248677
6,40,0.02,1.3774637364166553,0.774588860149587,0.9235932411684862
6,41,0.02,0.8086633598145052,0.7273611696142311,1.4132655146807578
6,42,0.02,0.9887045320405242,1.1506295172530603,0.8144678748380393
6,43,0.02,1.2829695432463244,1.1946734447554606,0.8926198853961036
6,44,0.02,1.148178653004257,2.382583446047337,0.7502662254495058
6,45,0.02,0.9728634761672181,0.8305616975761249,1.0361561553448955
6,46,0.02,0.8422888968012251,2.061253668005601,1.2423764945596607
6,47,0.02,0.9975748598554303,1.6456269942848363,0.8430571637912778
6,48,0.02,1.2044659223331637,1.3740350569898112,1.3220346926101962
6,49,0.02,1.1534838632801738,1.0713338854440158,0.8654260067741427
6,50,0.02,1.0157574515797705,0.6940717139257074,1.3014044724044842
7,1,0.02,1.3931140958602013,0.8314734203927643,1.8346116619359885
7,2,0.02,1.2023287166397711,0.8808407310459799,0.9491308839332568
7,3,0.02,0.916017934381059,1.130704565451484,1.4654478175751757
7,4,0.02,1.7729244154215098,1.0514099725480899,1.35115590288782
7,5,0.02,1.7772375069666224,0.5920814761807347,1.1381363155092477
7,6,0.02,1.093708686709358,0.8183492951403945,0.6078099587561803
7,7,0.02,0.7260649453766144,0.9062268040792142,1.3661392396020475
7,8,0.02,1.3075876229363048,1.6098536054208845,1.0716940579244774
7,9,0.02,0.7363810667512132,1.2535867758909691,1.3198055413666183
7,10,0.02,0.49871701529285606,1.9109304301545043,1.5407472598914442
7,11,0.02,1.4750876207279653,0.7544719039995695,0.8314833426148175
7,12,0.02,0.6322574537992324,0.8186059494589648,1.0495560657878646
7,13,0.02,1.5890735527559516,1.8837171628928475,1.6965862803244955
7,14,0.02,0.8358652836844344,0.9726594089829098,1.0046727182709987
7,15,0.02,1.3096481465851575,0.9574871779215067,1.5243878643676683
7,16,0.02,0.9366969391397313,1.1072287848142142,1.1731935838345202
7,17,0.02,1.5387367432038457,1.4691946231322144,1.215655016941075
7,18,0.02,0.8507168390589832,0.7507609702700608,0.9073507080876932
7,19,0.02,0.7598140917556082,1.4632456057202734,1.3731341045864687
7,20,0.02,1.0039098708266427,0.9716764501499812,1.2494392735332707
7,21,0.02,1.7144768298204316,2.481983604238038,1.2737818702084063
7,22,0.02,0.775654486345259,1.0192979088469551,0.9651581886654956
7,23,0.02,0.6874300488764521,0.9119832219686071,1.2820034195683503
7,24,0.02,0.9590735984416077,1.2306622570325296,1.2050072948342148
7,25,0.02,1.246241479057344,1.3232419046755894,1.0068043757599847
7,26,0.02,1.100119032589296,0.6120601095902181,1.077180007865604
7,27,0.02,1.2419441920286864,0.6344338951450017,0.8302785717349357
7,28,0.02,1.1289102181832749,0.76276511383593,0.9209129410695565
7,29,0.02,0.8990719445701811,1.675337515999043,0.8306384767875342
7,30,0.02,3.725006056547976,1.2771336255615602,0.8159021170386744
7,31,0.02,0.9365530201012908,1.1310696415451496,1.2632709865739076
7,32,0.02,0.763501281507058,1.2855023180484768,0.8682782052790915
7,33,0.02,1.04519369257439,1.0078957453613846,1.0386445596549316
7,34,0.02,1.2247955776477177,0.990350743933487,1.6343664666440085
7,35,0.02,0.6793425435378948,1.0082900337636025,1.3811686406534902
7,36,0.02,0.9528387121972274,1.2581344287901237,1.5949334266549524
7,37,0.02,0.6398337712529714,0.8915711766525962,0.7355791152485482
7,38,0.02,1.3438835508358702,0.5286702155088461,1.137858305455467
7,39,0.02,1.3136230386225405,0.7538093654275995,0.8873574723732299
7,40,0.02,1.3086768914845637,1.3682663926756389,1.2799552582623908
7,41,0.02,1.7728717296614311,1.206062955299505,0.9913444326896468
7,42,0.02,1.5634401225024774,1.148701200352443,1.2405919753915111
7,43,0.02,0.6315599482912213,2.1690005829390815,1.0835474923812933
7,44,0.02,2.436274326579879,1.0333602664974042,1.249450434310513
7,45,0.02,1.508838477153823,1.1528184871866338,1.1276370421065072
7,46,0.02,1.252348533987118,0.9843461604264944,1.5595661692576377
7,47,0.02,1.252108286027815,1.1941464476307808,1.4593502267619964
7,48,0.02,0.8321320245512612,0.9993595193581862,1.6551318576923766
7,49,0.02,1.0505533972389398,1.0776605273504023,0.932530509573639
7,50,0.02,0.9148826840311893,0.9028607983760032,1.0076304791555135
8,1,0.02,1.7490895352711155,0.9378898592337852,1.3828687404722837
8,2,0.02,1.2571079647412717,1.7611550281377752,0.9634450386853084
8,3,0.02,1.0221649752533908,0.9198485349514819,1.5037834196131747
8,4,0.02,1.11819769123263,0.7296742799185486,1.1737832191426867
8,5,0.02,1.1075021412897694,1.2639653683148238,1.1489130285329274
8,6,0.02,1.2162037373353476,1.179733095871332,1.8061132066418213
8,7,0.02,1.767648824717792,1.7015059046046077,0.7275788832545437
8,8,0.02,1.4561322415893019,0.7390816730824258,0.9975596687716701
8,9,0.02,1.1662354969035187,1.34600096628026,1.6895249678680748
8,10,0.02,2.0305767747323076,0.9443867342055577,0.8509343346343082
8,11,0.02,1.058215598632721,1.1472571411774455,2.1829863972384116
8,12,0.02,0.948676819359081,1.5196424127731143,1.5254587676674087
8,13,0.02,1.3529070143668758,1.1531994853217729,1.1667184900016634
8,14,0.02,1.064033632026825,1.5648372582103502,0.9221835555197303
8,15,0.02,0.8216951663898286,0.5037345898974267,1.3343040998059268
8,16,0.02,0.868905221558264,1.4725259037118885,1.2517207642388368
8,17,0.02,1.0589867187135462,1.1955510684883623,1.5187083213125638
8,18,0.02,1.6818988609073182,0.9717590452254368,1.6352401023894205
8,19,0.02,0.9701930887660061,1.8112057430565114,1.480485520091737
8,20,0.02,1.6416942671135026,1.575640581458895,1.296656519855175
8,21,0.02,0.9419096891267599,1.1996887127261717,1.405919640933311
8,22,0.02,1.5293263962715662,0.6166930619485572,1.0921917036867257
8,23,0.02,0.7474809053246669,0.693080635287769,0.8394934950145829
8,24,0.02,1.2080754362152966,0.7519777608570508,0.8211782042918876
8,25,0.02,1.180860674949563,0.9326968591012735,1.037769461790841
8,26,0.02,1.5673507189963962,1.793794038869328,1.4563869817781927
8,27,0.02,1.173876922562552,1.8462497737830204,1.4330405554956362
8,28,0.02,1.6143818780109243,1.167227396287253,1.0790877447358471
8,29,0.02,1.5516988893442205,0.8331406425149359,0.6740366831045481
8,30,0.02,1.2338723241957237,1.3990887543047585,1.316100207097878
8,31,0.02,1.0147561267769938,1.1530283286114265,1.076935360309062
8,32,0.02,1.159516384726522,1.1013494950337868,1.2219468937108784
8,33,0.02,2.1112506412385916,0.8600345205555795,1.040416152292578
8,34,0.02,1.4753875444177855,1.4116564817181918,1.1376605596087914
8,35,0.02,0.9454835440060936,0.804685433076275,0.7107845008239447
8,36,0.02,1.7948924410670564,1.600395561453377,0.6537903288668758
8,37,0.02,1.1463381865480664,1.2225134618509206,1.9720497651489428
8,38,0.02,1.1657502950707064,0.6669190092155788,1.0342615450350483
8,39,0.02,1.5291110520422755,0.6298631784813962,0.9926399844467196
8,40,0.02,0.9082868607053525,1.5214604016800863,1.3488000749731135
8,41,0.02,0.8070125463140942,0.843405627150112,1.2759153743364358
8,42,0.02,0.655228917474501,1.2457519222233018,1.1816532774545245
8,43,0.02,1.5758404715959762,1.559854091187329,1.557834072117701
8,44,0.02,2.1195180010225556,0.8752216985810352,1.492685562946973
8,45,0.02,1.343380119829243,0.8629086590713928,2.052192108332839
8,46,0.02,0.8330481977352336,0.5758356980519884,0.9221289534093348
8,47,0.02,1.8140097879822559,1.053455221490896,0.8315163588185983
8,48,0.02,0.7585847803159098,1.319761011703711,0.5367680916780746
8,49,0.02,0.9904930856071014,1.1105209573941535,0.7388165318489082
8,50,0.02,0.9715336648112607,1.426313216307735,1.4916841525208286
9,1,0.02,0.8979428909639675,0.7241473168894546,2.2030841387456332
9,2,0.02,1.2149543778904779,1.2749942098137046,0.8970828252633358
9,3,0.02,0.5609409696406208,2.549442261934612,0.931406833974635
9,4,0.02,0.9206561351990528,0.9520122663697776,1.0110857299398341
9,5,0.02,0.8637404053851258,1.6398932477092245,1.1471537080404564
9,6,0.02,0.7076192767364291,0.9531885754565627,0.9882620948159324
9,7,0.02,1.1495187547808718,1.6747055942100708,1.1937034414902898
9,8,0.02,1.4685434541788385,1.0177607787351668,0.881210635007105
9,9,0.02,1.2027444398843423,1.1590143148884116,0.8992923104880601
9,10,0.02,1.765754302435598,1.339031897933078,0.6916642979194674
9,11,0.02,0.699821169211672,0.9559683656529908,1.4444441510953359
9,12,0.02,1.5527052683080393,0.9176580767444112,0.696455498867978
9,13,0.02,1.5716247068022184,2.452806137114155,1.7690978719897612
9,14,0.02,0.95711832268449,1.092524699489399,0.8594468560462167
9,15,0.02,1.3495697640271143,1.3106994876326974,0.6780060061682278
9,16,0.02,1.383745203227337,1.6138183184419215,1.1689014097316393
9,17,0.02,1.2809522837606147,1.3565476853652116,0.8300698098437775
9,18,0.02,1.8751613172016426,1.039057368896236,1.576658411940493
9,19,0.02,0.8999502683773223,1.2575554405364344,1.1783171158866432
9,20,0.02,1.268895041821728,0.9351143168148929,1.2854022011773805
9,21,0.02,0.6212712642827638,1.105669149722972,1.1436184231360584
9,22,0.02,1.0994917714279875,0.8430511273214736,0.8008875389897895
9,23,0.02,1.7540688996381246,1.7384741449650423,1.1782202839209985
9,24,0.02,1.2631338966939225,1.878462996188931,1.5591620175078436
9,25,0.02,1.3628931227627938,0.7620023021355397,1.381819007299983
9,26,0.02,2.403209007726753,1.3339380394398068,0.6950297546893212
9,27,0.02,1.3437879764450842,0.8120905374546317,1.1579249190654355
9,28,0.02,1.1754830096941453,2.4247912563503258,0.9990884599372668
9,29,0.02,0.8738843696441776,1.487938427609389,0.7201572223413699
9,30,0.02,1.1268621241215635,0.9216182619318968,0.8651821198008343
9,31,0.02,1.072572791831269,1.7626242925907338,0.6609417173293827
9,32,0.02,0.9169795743642349,1.3768315539172264,0.9079759912502591
9,33,0.02,1.2352959923245153,1.367855740058278,1.077945019659926
9,34,0.02,0.9853607608691625,1.2977930312918189,0.8524572611538381
9,35,0.02,0.6377686478367036,1.4082585193527284,0.6247319396207504
9,36,0.02,0.8884656447524094,0.8874770295823353,0.903715048662422
9,37,0.02,0.8985485953777451,0.9414418379676623,1.3686635788163515
9,38,0.02,0.9913291554180866,1.4046021708875165,1.4888467596641934
9,39,0.02,0.5745810925873281,1.501677594019712,0.9546384022419228
9,40,0.02,1.6140618896351457,0.5688622668994361,1.3104078394563343
9,41,0.02,0.8835077154899669,1.4906073567781062,1.0626608120486591
9,42,0.02,1.5066976860360228,2.0463658909924995,1.0327211470050985
9,43,0.02,1.9062717851485054,2.067573498785828,0.7390308785760192
9,44,0.02,1.1618335408165132,1.3726768901572126,1.276291205136164
9,45,0.02,0.9918412183698261,1.268372704290686,0.6017081170459189
9,46,0.02,1.5779635203993785,0.6691415047150318,0.700676994463859
9,47,0.02,1.33591046491702,0.7840533876774695,1.375850389794869
9,48,0.02,1.1269653110691533,0.8358697069758281,0.795327425120631
9,49,0.02,1.7063191421151849,1.6266114099575297,1.1980815904616697
9,50,0.02,0.8670892586041385,1.1138450343878596,1.2504992477971137
10,1,0.02,1.1432148576150736,1.2569249507528464,0.9738948376901739
10,2,0.02,0.8969243618486301,0.6855078980619475,0.4626656454346777
10,3,0.02,1.153981308067525,2.0668840479204733,1.0471447418473432
10,4,0.02,1.0684189213551505,1.0432713955992883,1.2082779217106403
10,5,0.02,1.115197201910051,1.2711649140444334,0.8990127010774982
10,6,0.02,0.8477508592408767,1.0752360934464729,1.5053231663027402
10,7,0.02,1.0807699102745252,1.4687177319487912,1.0901195568693836
10,8,0.02,1.6146441593036072,1.0356963128660308,1.648442787963444
10,9,0.02,0.8012148158314492,1.1462677786070778,1.4998185948143172
10,10,0.02,1.1434981702527491,0.7653505357539955,1.1351705429566186
10,11,0.02,0.6875000704502954,0.9647999000884195,1.4667751958940543
10,12,0.02,0.724926901894306,0.8496212016791548,1.307227878755879
10,13,0.02,0.8549832512106417,0.8862080950407061,0.9472288551816515
10,14,0.02,1.2078339195954793,1.0965365541412395,1.03345462183765
10,15,0.02,2.045062234087858,1.58007557100052,1.4544444655144118
10,16,0.02,1.5360093645714366,1.8842660638114792,1.207599191822596
10,17,0.02,1.9899661678576226,1.030000151790467,1.1928269505683635
10,18,0.02,1.3523368305478756,1.1193400682192458,0.7509718392055615
10,19,0.02,1.0939744336717905,0.8337640278826653,0.5772630240979582
10,20,0.02,0.9237124791329007,1.635274205124242,1.6242279836887783
10,21,0.02,1.1251138229270348,2.2240816213004297,1.5480547734376076
10,22,0.02,1.327447151160281,0.8845033513577741,1.5841839379482565
10,23,0.02,1.764199623393338,1.2139179529218516,1.1559054032125273
10,24,0.02,1.230019960577772,1.244685870275363,1.5027326652487636
10,25,0.02,1.2992949549449635,1.2068611556223798,0.7230933600224966
10,26,0.02,1.305591071195691,1.5032039180829453,0.9477782673120545
10,27,0.02,0.8781844583796132,1.5870097827029663,1.0099392687321294
10,28,0.02,1.066824775121431,0.9550680065677313,1.433147589905747
10,29,0.02,1.3129472652506107,0.8660455082643452,0.9495475325655683
10,30,0.02,1.2651360351468306,1.4406694830342275,0.9607409533668119
10,31,0.02,0.7940608803195841,1.3075432963015725,0.921604603572188
10,32,0.02,1.2701746472303512,1.387011552874677,0.9703004618085102
10,33,0.02,1.3793831231153906,1.102467351135582,0.9396474252155098
10,34,0.02,1.485780022704779,0.941240851977804,1.601243179300541
10,35,0.02,1.7530741796910019,0.9382530502386623,0.9593566359056142
10,36,0.02,0.7300445158006222,0.9299641582188793,0.9332542844142595
10,37,0.02,1.274500794392996,1.183083289469678,0.5795366359595998
10,38,0.02,0.8926891480277747,1.5728471380307298,1.581064692509865
10,39,0.02,1.2154212993925824,1.1340796819247405,1.3807427702527337
10,40,0.02,1.3357843734489971,1.445497579465304,0.9414822631836098
10,41,0.02,1.8522211487036127,1.8562223410863299,0.9887120641432254
10,42,0.02,0.7311589618663277,1.875161076059898,0.6415249665547201
10,43,0.02,1.0805811584668517,0.6949306008790476,1.087264572561137
10,44,0.02,1.3850942032732672,0.9585187354793985,0.6302561142685088
10,45,0.02,1.1094789998135925,1.3076194420357568,1.3433416896844639
10,46,0.02,0.8668160409704773,1.1709963231725888,1.0700730236477407
10,47,0.02,1.451615069390537,1.7104031309006356,0.7970199033872651
10,48,0.02,0.6870903936791418,1.0590153633190722,1.5050183748947434
10,49,0.02,1.1053235298900939,0.8565532461406984,1.0361768853645896
10,50,0.02,1.2888889963470818,1.96198061138451,0.7689719094586269
11,1,0.02,2.1024300047805995,1.505137275250792,2.2254204724821403
11,2,0.02,0.945141543679789,2.0989024059501076,2.156367916831192
11,3,0.02,1.9170560067552134,0.7647842581696436,0.897263871288053
11,4,0.02,0.7992850701099978,1.0988693901148696,1.4116610435298453
11,5,0.02,1.3074044626559633,0.6901957494320626,1.5391204149931283
11,6,0.02,1.0586440989404928,1.054598785480521,0.8496151120444557
11,7,0.02,1.2936532940509684,0.8206538389843777,1.8716537952640409
11,8,0.02,0.8721028828473125,1.200185086860175,1.2323499528929125
11,9,0.02,1.2009367255257861,1.1620859020824397,0.9153700130489661
11,10,0.02,0.8941055392163113,1.336270457628381,1.4099191870691694
11,11,0.02,1.046323179898513,1.3357197255529254,1.4697069262361226
11,12,0.02,1.0659388347208734,1.5313310614444373,1.0205739953299677
11,13,0.02,0.8854038124828014,1.2727511213145664,0.5636054434555403
11,14,0.02,1.1835913607338346,1.5715963805943372,1.6758148674617943
11,15,0.02,0.7067536668652284,0.9071632923198084,1.33091204591084
11,16,0.02,1.0846562971514897,0.9974880430202397,0.7873357851092042
11,17,0.02,0.8916136220669602,0.939863514947616,1.383255744174837
11,18,0.02,1.9293108948627486,0.6536940093771394,0.9369804934557945
11,19,0.02,1.1789426247644923,1.6814840823499821,0.8901731567730267
11,20,0.02,1.6510951011891348,1.4128609786720137,1.3113276351134493
11,21,0.02,0.7331397427140378,1.3573608843034102,1.6682171819875888
11,22,0.02,2.057370472600352,0.6663204407884444,1.0087533291514823
11,23,0.02,0.7734048274265207,1.4933054733136628,1.4178218867229107
11,24,0.02,0.6955437569351671,0.902286264627756,1.0251936165413555
11,25,0.02,1.6683604897758042,0.9781817609101596,1.1524822218767965
11,26,0.02,1.3802399892786503,2.120282069000354,0.9484539611726692
11,27,0.02,1.3501395812343147,1.2731792830152675,1.1168576455448567
11,28,0.02,1.203100105673766,1.0123142623460524,1.1116082001640013
11,29,0.02,1.554341326444911,0.9581668118355974,1.0130623405039227
11,30,0.02,1.3114572525713664,0.6044870022779365,0.6598682410235255
11,31,0.02,1.2515677954820985,1.050530317123414,0.8299732431713966
11,32,0.02,1.470442912578652,1.2959102800505917,1.0044229096478643
11,33,0.02,1.4528311541235375,1.0137633296613089,1.1339054627750005
11,34,0.02,1.008120315260211,1.212690415370882,1.0337253589711428
11,35,0.02,1.2879588766754977,1.059730789940703,1.0313657417675137
11,36,0.02,1.239943274029215,1.197615632358391,1.941512184110989
11,37,0.02,0.974333123840244,1.240758714105525,1.604007259787569
11,38,0.02,1.1133988437977802,1.2773422200732396,1.1546204348432199
11,39,0.02,1.524035860728422,0.8549114390098882,1.6845806262421736
11,40,0.02,1.6259698105467688,1.6601106117127111,1.5628580811237254
11,41,0.02,1.4630713525747634,1.6126224681634995,1.2898499581634524
11,42,0.02,1.2917670361930969,1.529031492618416,0.8077995486581432
11,43,0.02,1.299062470734667,1.659115858228778,0.8540791870395299
11,44,0.02,0.7919269322426599,1.0158907634968275,0.7081288226238139
11,45,0.02,1.7531666617557748,1.2679901488130731,1.1818562952545753
11,46,0.02,0.6717591965678562,0.8311700388377478,1.0513182322262054
11,47,0.02,0.605578564256459,1.3359470772593363,1.1726806718118439
11,48,0.02,0.9056577216520424,1.0790817133694464,0.7617020598576314
11,49,0.02,1.498432280873874,0.8221284854449326,1.3394051500459283
11,50,0.02,1.6075869008754446,1.8451020534064526,1.4407146165606675
12,1,0.02,1.0459997450958576,1.2264294247790897,1.283970418960493
12,2,0.02,0.8926036916221407,1.0461605987168832,1.3271443250090835
12,3,0.02,1.06798895808797,0.9876042752418309,0.7784845131823149
12,4,0.02,0.6204979290347291,1.0638505061771395,0.751900664873348
12,5,0.02,2.39727971653488,1.0616605127382184,1.5670652088627737
12,6,0.02,0.917951440801273,1.0414167423967415,1.3808220289839601
12,7,0.02,1.2969317387074468,1.1591113239299862,0.8214055725676588
12,8,0.02,1.6267964741078975,0.6857850789622415,0.860915463062156
12,9,0.02,1.8511983389000632,1.1900366940761749,0.662806832024063
12,10,0.02,1.4100273960068106,1.5763509978729755,1.1671847997751017
12,11,0.02,1.1902612592025965,0.608419764820531,1.1740480738590526
12,12,0.02,1.5385384291016462,0.9103652219636211,1.5015107592769439
12,13,0.02,1.1330848280523387,1.4960529324470633,0.8863583871801776
12,14,0.02,2.544300296909339,1.1441070423728055,1.1490141006630794
12,15,0.02,1.429101100410254,1.0568469621485042,1.1924564728417006
12,16,0.02,0.8604457682978217,0.4828507526509161,1.279763505671495
12,17,0.02,1.2306987178111726,1.0308357678086084,0.5931459337697407
12,18,0.02,2.200096676864697,1.068018838888824,1.2946894957958581
12,19,0.02,0.8760413964036996,1.1479409049852103,1.8238004525263443
12,20,0.02,0.8236171901008512,0.9982181490453558,1.0743479368072972
12,21,0.02,0.8480214791403877,0.5693357134004565,1.5306931612019832
12,22,0.02,0.9895642795447476,1.3599165101437678,1.2488112790690535
12,23,0.02,0.7826646118723778,0.668520117089415,1.0455255862978583
12,24,0.02,1.0332935744982235,1.3175781470176702,1.0830806822976144
12,25,0.02,0.9801463281806614,0.9056351356011858,0.6518714475694096
12,26,0.02,1.340969202109395,1.0179554612245012,0.8344890105503219
12,27,0.02,0.9492437475016895,0.8163943360200192,1.5376503421343464
12,28,0.02,1.2245976767237932,0.9311947987893403,1.1895628757128565
12,29,0.02,1.0707709689854783,1.205089746779982,0.6399278059879507
12,30,0.02,0.742280278184595,1.1777543886999968,1.159910529144606
12,31,0.02,0.9706504802283965,1.0987286792323894,1.237225313831541
12,32,0.02,1.615362052610981,0.6150059375447258,0.42441615188349074
12,33,0.02,0.9649300794481782,1.1205816761724734,1.3707350276384034
12,34,0.02,0.9377778148936332,1.1803161473933024,1.1346328992244539
12,35,0.02,1.0224796868533952,0.7215778386470113,1.012322070662282
12,36,0.02,1.1623855318601761,0.6871044042886176,0.9195058786490281
12,37,0.02,1.5556135452317825,1.0282001714073317,1.0299112255903091
12,38,0.02,1.284232092531039,1.2200774765077866,1.3490551139547216
12,39,0.02,1.117985580678964,1.1117166282471216,1.0083872282978126
12,40,0.02,1.0226425130977397,0.9648440362806352,1.0583858842289005
12,41,0.02,0.9318826153215236,1.0696944390069507,1.4355060687953876
12,42,0.02,1.1848186185187215,1.0176928194019,0.9476408900816731
12,43,0.02,0.9726539169347915,0.9892198475836895,0.9435634549759729
12,44,0.02,0.996370447483177,1.4854078317780992,1.3703376375057281
12,45,0.02,0.9390076895299033,1.4898190573051031,1.4164367479634064
12,46,0.02,1.080311879168488,1.1060578201832474,1.3657139447442654
12,47,0.02,1.9406013626968535,1.138702378833758,0.591138606626083
12,48,0.02,1.0275885612162516,1.4667264633649564,1.3881605118580673
12,49,0.02,1.6519785583946212,1.1797503522243797,0.8146674578302489
12,50,0.02,0.9853886047914839,1.576372386611595,0.7545943485990103
13,1,0.02,1.5710910192003529,1.1430554140626061,0.6654289626947728
13,2,0.02,1.7097258881326927,1.065380913436509,0.7468286105564914
13,3,0.02,1.357410795869196,0.8854845773667337,0.8350891797519705
13,4,0.02,0.693956299244742,0.7863947469569432,0.7191345079638
13,5,0.02,1.1819863471248993,2.0662161643084884,1.0691437197483569
13,6,0.02,0.6269312038763286,1.251370079479252,1.750037916586248
13,7,0.02,1.7124432482071443,1.6179101865729046,1.53464499325171
13,8,0.02,1.1039014670452156,1.127455827149582,1.6726029681364416
13,9,0.02,1.8002619914693612,0.82127915544791,1.6322094521407595
13,10,0.02,1.295069075403421,1.2520575683893242,1.022131090983187
13,11,0.02,0.8162423808508181,1.0063303408714601,1.2689170587252419
13,12,0.02,0.7440457836581518,1.0236337734188952,0.7950401695661952
13,13,0.02,1.23619437958811,1.5968641106897845,0.4839067137661404
13,14,0.02,0.7787891685287953,1.4019873301599801,0.7903119465098689
13,15,0.02,2.113477262408296,0.9598277457982849,1.5035785395576802
13,16,0.02,1.0948878454315527,1.0249613003103786,2.0965090491260656
13,17,0.02,1.1918679839520858,0.8853823562149741,0.9785219663212054
13,18,0.02,1.2025453429928428,1.525215175760127,0.842639922424177
13,19,0.02,1.4695271546427315,1.165701227023634,1.2119927842872522
13,20,0.02,1.523758425286563,1.4226389532069503,0.9796470162627798
13,21,0.02,1.0446734841987666,0.9759671819382606,1.6690142365671485
13,22,0.02,0.9537640362534969,1.8050555210973271,0.8527328407239347
13,23,0.02,0.8580241455514767,1.6541788124563797,1.8927896062027028
13,24,0.02,1.4092574374260893,1.0518121833324423,0.8833568673952709
13,25,0.02,1.4190147928913706,0.9409060996135031,1.3368351902149733
13,26,0.02,1.1247933895273186,1.1071401464004305,0.9668750919691643
13,27,0.02,0.8952030258341199,0.6560042649648762,0.9074530765240347
13,28,0.02,0.7412317398503607,0.9739289630317228,0.6347146383924357
13,29,0.02,0.9261312526831128,1.2124078721227596,0.8706807539667235
13,30,0.02,1.0046562668125043,1.7790115371113069,1.164871545442295
13,31,0.02,1.0195205643628076,1.2311685373545342,1.3216683418557489
13,32,0.02,1.1081464939563743,1.5579313471387,1.5347617040365018
13,33,0.02,1.1153500291878973,1.6926660736977641,0.7729323808105895
13,34,0.02,1.084018938014099,1.1052212816341223,1.0814145343879238
13,35,0.02,1.216789720874434,0.7536343637475085,1.4637928925354442
13,36,0.02,1.8738687801312282,0.7933544413284487,0.4889293564786609
13,37,0.02,1.451240563209765,2.1215375171967414,0.670961389358617
13,38,0.02,0.8874736595888751,1.2646167799649444,0.9529852762013495
13,39,0.02,1.1513833225887573,1.4477687995712794,1.006471547554175
13,40,0.02,0.893465344811928,0.8080882498590699,1.060917399504872
13,41,0.02,0.773537441412675,0.7907719225728619,1.9019693651570002
13,42,0.02,2.0315856563607855,0.8177165518095671,0.674551506538535
13,43,0.02,0.8637728330392715,1.454607962275316,1.1004120036526688
13,44,0.02,0.9705947941812271,1.0199558732988387,1.187930824215678
13,45,0.02,0.902684471735826,0.8229194940010734,1.1713755063034443
13,46,0.02,0.7722252907813159,1.789876832934464,1.356103463127765
13,47,0.02,0.63703551299756,1.400639388806788,1.9629094888795453
13,48,0.02,1.6415040206461013,1.9668558493270867,0.5314560965523816
13,49,0.02,0.5785421202820366,1.1388549384487532,0.7995931207871371
13,50,0.02,1.0391898589066217,1.0611643238604804,1.340950558033105
14,1,0.02,1.1128381682036248,1.0923848988015141,1.5694864056693334
14,2,0.02,1.4972110905819571,0.7452960255519536,0.9129407230252949
14,3,0.02,1.4304322925506998,1.0104583474293216,1.9452044008890568
14,4,0.02,0.8593098383995701,1.2041808920172687,1.3000256282010971
14,5,0.02,0.9440171190040689,0.8954790728914647,1.7987932748979492
14,6,0.02,1.0186584760184092,0.7081809946121521,1.8768474180294952
14,7,0.02,0.4934818402883015,0.9512092187737298,0.8324162801511557
14,8,0.02,1.5884674093897189,1.3184897269069615,0.8583892876610948
14,9,0.02,1.3375489606085922,1.2129319342515574,1.2447093376789853
14,10,0.02,2.098409534787485,1.4226277245882493,0.9461303227075804
14,11,0.02,0.9232521591871099,0.6658159096422589,1.091964723958189
14,12,0.02,1.628558470749141,0.49781359044488943,0.6888866821220876
14,13,0.02,1.1078331654041451,1.2425684060064188,0.7547031748977854
14,14,0.02,0.8244948947251798,0.6606692807328831,1.2393141349666494
14,15,0.02,1.065070717765074,0.967312498730798,1.3320772567100396
14,16,0.02,1.6559830308705261,0.863729119192181,1.012603952157021
14,17,0.02,0.9032310371787967,0.965655967134744,1.212329839334659
14,18,0.02,0.7686366305946386,1.1379265550473636,1.070899551591696
14,19,0.02,0.6122960959130587,0.8505954548646777,1.2461659313808786
14,20,0.02,1.349787098699812,0.8490355038122828,1.1106332514574118
14,21,0.02,1.2995737394031956,0.9340797208584835,0.5669528083954559
14,22,0.02,0.8681648792515406,1.1648173680206648,0.8423988585247622
14,23,0.02,0.9930357365607113,0.5885403947099535,2.1631699774270823
14,24,0.02,0.778273741672701,0.7064194061427564,0.5980991946927924
14,25,0.02,1.9691534034424765,1.148972475767084,1.3904149918966144
14,26,0.02,1.383662834180209,1.4177958060683253,1.5214851591002443
14,27,0.02,1.4433314511518265,0.9868756402407903,0.9284793127237344
14,28,0.02,1.716576704798558,1.4605833354389732,2.721016782043267
14,29,0.02,0.6236303894960706,0.9777267477098269,0.7729537147096184
14,30,0.02,1.8344567937366694,0.9836634752369664,0.5694636196133616
14,31,0.02,1.4753447282628929,1.4282413578096778,1.3637927341917546
14,32,0.02,1.5575390466137444,0.9585753603884298,0.710807207878213
14,33,0.02,1.4937238798680206,0.9364682135316169,1.11504442318249
14,34,0.02,1.1446946739584196,2.312647509155832,2.771035492214463
14,35,0.02,1.4680953376290042,0.8462883962707056,0.6828718873675036
14,36,0.02,0.8205984491828973,0.9369155724783201,0.7602871438047942
14,37,0.02,0.7418375559728344,1.6257684078301478,1.2049728229586973
14,38,0.02,0.9733381869777733,1.7468613384018599,1.0550152657964165
14,39,0.02,0.829375389475653,1.0795016575962715,0.7429102786022408
14,40,0.02,0.6666271353920055,0.8911474014646645,1.0007700887507773
14,41,0.02,1.091525763807365,0.9144604165186548,0.8982808881310494
14,42,0.02,0.8390216169545068,0.7593009361363985,1.356705410813884
14,43,0.02,1.2906389992410934,1.8195857264773667,0.8217963506490794
14,44,0.02,1.3517883055155475,1.1321081657077066,1.1578351536529308
14,45,0.02,0.5014269734449929,1.1710579796789498,1.351067983593838
14,46,0.02,1.4233073778586922,1.1025655514720842,0.8073025617373618
14,47,0.02,0.9982176794467762,0.7808476521216139,1.1113807543567247
14,48,0.02,1.1733707425026743,1.7403502288598522,1.5297026610063904
14,49,0.02,1.2010138994077766,0.9648980348473367,1.75770119056859
14,50,0.02,0.7524714526887664,1.0965278931757916,1.5203009639885627
15,1,0.02,2.6911978227443267,1.0465791739410477,0.7468618990729381
15,2,0.02,0.8709463558335562,1.5403874973396365,1.1665764402159948
15,3,0.02,1.1385328950962847,0.7072864604342131,1.0802110408218886
15,4,0.02,0.8625289332325075,0.8858084864759849,1.0358679730889504
15,5,0.02,1.1128318426845965,1.1800664140342554,0.7245005122586197
15,6,0.02,1.2481070783237396,2.3522057782385986,1.154115530912664
15,7,0.02,1.2330339712859368,1.066986290662836,1.0469786435311603
15,8,0.02,1.3134081240622373,0.9406266920179299,1.073691511153353
15,9,0.02,1.3466222166782322,0.8985958327848584,0.9886087537398807
15,10,0.02,1.046409854808619,0.8113597215391926,0.7503234555333967
15,11,0.02,2.638244502310084,0.9405055560949033,0.6547388380340782
15,12,0.02,1.1131071067236409,1.3151431071426765,1.3448955260660158
15,13,0.02,1.4050345265059665,1.8059901563346437,1.7061357392320367
15,14,0.02,1.0197534761800757,1.0492202175877257,1.1695738479750795
15,15,0.02,0.9789183851672069,0.7324078433603354,1.5203682793727635
15,16,0.02,0.9709951600614471,1.0816071427865048,1.3394152198555065
15,17,0.02,0.8221186833131604,0.884434000688487,1.811327214506398
15,18,0.02,1.2172135461844196,0.9548657425569901,0.7258325692622304
15,19,0.02,0.8809032502037337,1.0107326955315292,0.9175989346002295
15,20,0.02,1.5337460126002882,0.8621750019054079,1.1648228544757155
15,21,0.02,0.7345416812920789,1.4094298248043806,1.1689258755660428
15,22,0.02,1.210799165472257,0.9572242068739181,0.7578556244297583
15,23,0.02,1.0392083441503013,0.8494616764076728,0.8548363064591045
15,24,0.02,1.7651717715531228,1.5628260185284457,1.2300050637974638
15,25,0.02,1.318714558509706,1.4466073020489258,1.5609716022728124
15,26,0.02,0.856753489848218,1.0132962923715545,1.074216351005686
15,27,0.02,0.710371683686428,1.4730173050283144,1.005820274195969
15,28,0.02,0.9667949283855196,2.0380291237321977,0.7722762392644617
15,29,0.02,0.7593356959991983,0.9832404398383466,0.8431624801169982
15,30,0.02,1.644342901543828,1.479894229246634,1.1831203012022788
15,31,0.02,1.118178877671931,0.713936841516089,1.723897528359942
15,32,0.02,2.0740440660802917,0.8546653256875807,1.2533511970379128
15,33,0.02,1.1084108181473693,0.9660459582252308,0.5805416204160778
15,34,0.02,1.5757978665190644,2.457809862594588,1.390398244920965
15,35,0.02,0.6900231002837802,1.0643279961270267,0.8691263779344801
15,36,0.02,1.3366971165569992,0.899855521493358,1.0470590512206195
15,37,0.02,1.062765260689036,1.1058731641964858,1.2154048743657637
15,38,0.02,1.4328843547656396,0.9112856656968337,1.3990258785349667
15,39,0.02,2.200268085171202,0.8324094703020437,1.8402513495335546
15,40,0.02,1.7568652966287397,0.9306049432933137,0.9987268082722464
15,41,0.02,0.8759938089268513,1.144920520070817,0.6989293088757262
15,42,0.02,1.5175138575392075,0.9673768623459307,1.0583991346713126
15,43,0.02,1.1869229509047061,2.0173757583220273,0.9230462132852005
15,44,0.02,0.889664912980077,1.4552296534467843,0.8704399575366327
15,45,0.02,1.0780425282228616,2.0236166802381663,0.8710090877192638
15,46,0.02,1.2619890127160027,1.266048229299833,1.0748825576991992
15,47,0.02,0.9739144731096064,1.2577200490448774,0.7009430329404382
15,48,0.02,0.9151545978282115,1.8702896363970578,0.6809870239306046
15,49,0.02,1.3140373611306753,1.0002332344046392,0.9348584408227256
15,50,0.02,1.441194870052537,1.5168442641716682,0.6867254498591411
16,1,0.02,1.3448456034869745,0.9792548369674321,0.9833406558309227
16,2,0.02,0.9380202191919428,1.101131744196401,0.9551724437368788
16,3,0.02,0.7116884306061668,1.329424067424122,0.618666560785126
16,4,0.02,0.8688270217385052,0.9813980486322502,1.2403009745733475
16,5,0.02,0.7848964815561412,0.8109547081544162,1.3755596356064737
16,6,0.02,1.0539850546828755,0.822768723093241,1.3032193601428044
16,7,0.02,1.2617297488901977,1.4630593352545067,0.8103699032328151
16,8,0.02,1.4542079286217495,1.3554730052428106,1.5545791024009161
16,9,0.02,1.2476450995376653,0.7711311250852477,1.5655950901318727
16,10,0.02,1.4653475157448748,0.9571895172417775,1.416298783473092
16,11,0.02,1.2681339089672008,0.8338578260475158,1.2738439096401462
16,12,0.02,0.993494490203902,1.405554577332489,0.7836875120882704
16,13,0.02,1.0781981170747723,1.344111147873098,2.0603305170409016
16,14,0.02,0.8459488263861856,1.4717921844967674,1.652987731100549
16,15,0.02,1.2098592819540752,1.1935789669704828,1.0367388080813753
16,16,0.02,0.8867132316925508,1.1039652451697792,0.6785474232262357
16,17,0.02,1.0525615330179976,1.1209683321138022,1.092036827258847
16,18,0.02,0.8808330091523823,1.0680392315458012,0.9595540712524486
16,19,0.02,1.176666524716649,1.4406182600005486,1.62612147950989
16,20,0.02,0.6674927172638568,1.3319405811196439,2.6919781837560026
16,21,0.02,0.8512540382895344,1.2227683263011668,1.023036978151216
16,22,0.02,0.7574428484786733,0.949517244141393,0.7418755511970393
16,23,0.02,0.954610593689732,1.5618305332075406,0.9612520451417669
16,24,0.02,0.7769016843526388,1.3100009729701576,1.4205251243684602
16,25,0.02,0.7594337043818398,1.465127335957482,0.9078740459975395
16,26,0.02,1.2767993246259244,1.5662485497589276,2.2923206549967716
16,27,0.02,1.078398407519685,0.9603716572313585,1.7684634923932911
16,28,0.02,1.8541958072292575,0.9169974297689525,0.9311989582701914
16,29,0.02,1.1782590702524445,1.8588017851271155,1.1534978342976208
16,30,0.02,0.7588245936163476,1.1146250779160636,1.378713432598063
16,31,0.02,0.8131119513222667,1.4606515796027741,1.0222469542021426
16,32,0.02,1.5239876447679181,1.8969993256312736,1.3433754299885199
16,33,0.02,1.3716180776500215,1.1089086186308925,1.045646457029469
16,34,0.02,0.9294202200234135,0.7396016843322053,1.012757624850185
16,35,0.02,1.0989725353612436,1.2569069060571834,0.8770113923911038
16,36,0.02,1.1943318257550966,0.7572375376825333,0.8104707359417809
16,37,0.02,1.0154714138006935,0.9718660577126375,1.3923339148936624
16,38,0.02,1.1618335388481693,0.8211612498565988,1.924422899966289
16,39,0.02,0.7700398250532791,0.8555264510978762,0.8279983487534157
16,40,0.02,0.6364678418921113,1.1770202157047398,1.1274616484089175
16,41,0.02,0.6999810114926597,0.5833674008699348,1.549992399306853
16,42,0.02,1.08476343352434,0.8025083066239255,0.8944169780041634
16,43,0.02,1.462401290393501,0.9951130383380677,1.2282937894107548
16,44,0.02,0.802680091312413,2.744995642774575,0.8042708593391168
16,45,0.02,1.2336124376775355,0.8551503467074053,1.55461615135236
16,46,0.02,1.3534035257407473,0.8555621701721661,1.027852607739685
16,47,0.02,1.1254705703081052,0.6831899778575838,0.6236883996854976
16,48,0.02,1.5007885339062488,0.6679489320094922,1.1181394767268735
16,49,0.02,1.9935350557752856,0.993757029935918,1.1656895777961134
16,50,0.02,1.2493419111829238,1.1805085132870876,0.764052464555438
17,1,0.02,2.1722548785857945,0.7599946579178715,0.9080655880992632
17,2,0.02,1.112374867939054,0.7636888860355242,1.5376964855536257
17,3,0.02,1.1120231818313293,1.3813280768696767,1.0389039966391733
17,4,0.02,1.4000649721028662,0.8995606847695576,0.9656253902264782
17,5,0.02,1.615604544765386,2.246367428824104,1.72962033811588
17,6,0.02,1.4742800691294697,0.6811289025511711,1.8117714461699783
17,7,0.02,0.7033474181931669,0.6476816692668595,1.4365473269201061
17,8,0.02,1.0491338298524073,2.186562871774656,1.74235844015911
17,9,0.02,1.0543778796271042,0.7604601299700373,1.648624061148352
17,10,0.02,0.8494922476369406,1.4397154001045536,1.0365177471869607
17,11,0.02,1.2032294485753503,2.0421553086048867,0.6637434096503039
17,12,0.02,0.5554540082886112,1.1720202458041142,1.3427906613850056
17,13,0.02,1.8490518712418829,2.309866803372128,0.665972074823916
17,14,0.02,1.2121836674164723,0.9807377112131954,1.2206388962694281
17,15,0.02,0.8794582979336381,1.1862082836380718,0.7845303640910378
17,16,0.02,1.120554582133821,1.339610557110115,0.8920882865471743
17,17,0.02,1.0255961314145652,0.9170780341641942,1.4334307957383445
17,18,0.02,1.116116120938848,1.447748169854718,0.920322436719522
17,19,0.02,1.9544848626276872,1.433941453283169,1.069029948404402
17,20,0.02,1.0156259931860039,1.4217773694090556,1.0060940957203082
17,21,0.02,1.9146439857647328,1.0020655126799676,1.0123969189674484
17,22,0.02,1.2720911778630568,1.0002684927823855,1.1615579570584602
17,23,0.02,0.746282059625178,2.195258697613206,1.3671456259587553
17,24,0.02,1.127297775185518,1.7999207555183823,1.0288691932286052
17,25,0.02,1.2449681192740498,0.7001591784329284,0.7021109021558918
17,26,0.02,1.0401032779655446,0.8673410319664949,0.9945723176457225
17,27,0.02,0.6546217274130189,1.3006726358255705,1.7224834854483904
17,28,0.02,0.7394091691718289,1.2855273681738408,0.9177041913015392
17,29,0.02,1.2748720237106272,1.9262759703316366,0.9827296213878339
17,30,0.02,0.7735973017721264,1.204725739817042,1.0004746105510667
17,31,0.02,0.6570399578051371,1.800197288834491,1.3507672474634176
17,32,0.02,1.5004947150474732,0.8218975403858292,0.9412905913082209
17,33,0.02,0.6717800069987471,1.2065905664508119,0.9937708418877499
17,34,0.02,0.7515194974808951,0.5789177487259356,1.4350505985287723
17,35,0.02,0.7188609386511879,2.2069996336507502,1.2207455950660544
17,36,0.02,1.4558091703281355,1.3312769603640824,2.434433053724216
17,37,0.02,1.7212869037950878,1.3684532072759135,1.0563319265097295
17,38,0.02,1.8428221892576266,1.0340000098971698,0.8324600749570793
17,39,0.02,0.7509671414630437,1.777784483256066,1.7223214164377127
17,40,0.02,1.228677115280561,0.892988490057051,1.4628114517403308
17,41,0.02,1.6578354011324403,0.999831951288405,1.0299824099806925
17,42,0.02,0.6789843028355433,1.2339911029567316,0.5321896853773991
17,43,0.02,0.9690564019873014,0.666461690064263,0.8096202584541494
17,44,0.02,0.5273923375080929,1.6342698762760004,1.2783166838432918
17,45,0.02,1.3054209218394954,0.9509264559277096,1.5156015226839363
17,46,0.02,1.485581541508831,1.7008945992750832,0.7333215413989197
17,47,0.02,1.0718091577024464,1.270744831580306,1.5526379127232355
17,48,0.02,0.8194448421862388,0.9731342042496991,1.4071911942521285
17,49,0.02,1.2485464274871882,1.6341086728505299,1.5576649821994462
17,50,0.02,1.2960095307127246,1.7612216914140093,1.1855080793182937
18,1,0.02,1.1777464806201152,1.1400126671995738,1.139581589019181
18,2,0.02,0.5643422021149139,1.5353879286939538,0.9270161695404673
18,3,0.02,0.8358440007947819,1.2845516803239148,1.0421715434655248
18,4,0.02,1.1339585512368604,1.0245655510021592,0.8594199826516675
18,5,0.02,1.1401059032259937,1.1100408356324387,1.6539353016357228
18,6,0.02,1.0195858181306736,1.0184298516983874,0.8156446649279565
18,7,0.02,1.071932817115165,1.4738393791689908,1.1995078793173493
18,8,0.02,1.6177827852563325,1.2478027857295373,0.7317034353957748
18,9,0.02,0.6174322319804628,0.6849552045290794,1.3980322381970245
18,10,0.02,1.3719353826924308,1.3757139712447644,0.9537737030883203
18,11,0.02,1.7579556104717304,0.9774583268825292,1.611124288458087
18,12,0.02,1.9205772447382474,1.5806719865616827,1.1650086086156217
18,13,0.02,0.8121233463750925,0.8106106331942551,1.7336983044888392
18,14,0.02,0.5614543397498919,0.9500074095008171,0.9342278066042207
18,15,0.02,0.7379308752033724,2.1019108899957537,1.5013561632289778
18,16,0.02,1.0893806703616904,1.1074162916844326,1.5430450813641574
18,17,0.02,0.7830427485752989,1.36951613121773,1.0671426661386973
18,18,0.02,1.1524015966676118,1.1496563888381715,1.7876836070925533
18,19,0.02,0.7437731106832723,0.9693293126860688,0.9198509628274922
18,20,0.02,1.2787658616331683,0.9123541933195791,0.7816022541836418
18,21,0.02,1.4185504490350156,1.429690175045209,1.1837813357366436
18,22,0.02,1.406232515203818,0.7000611384503754,1.4415335395007398
18,23,0.02,0.8886875406958606,0.8722170829690188,1.882011054237031
18,24,0.02,2.191243137534998,1.235991555867683,1.0719446345397534
18,25,0.02,1.1918251255714416,1.1858027346420519,1.290041584282315
18,26,0.02,1.2126606890758158,1.0923760107562357,1.0430887789278578
18,27,0.02,0.9471886592040424,0.9087404877768422,1.2588596162738857
18,28,0.02,1.8953858157516077,0.8351100059925027,0.9591782046659438
18,29,0.02,0.8326707948554078,1.8838658957696743,1.0629947891910851
18,30,0.02,1.9749310883744133,1.018532712315915,1.3594651686611183
18,31,0.02,1.1280571226128866,0.8516671441612225,0.7662171348330967
18,32,0.02,1.094330033403426,2.0346387592600608,1.0148050442858536
18,33,0.02,0.7453935307564934,0.5597807180550131,0.8677256324112527
18,34,0.02,1.1606864356175755,0.8581580843428317,0.9470023763422022
18,35,0.02,1.0533157385846645,0.6940704040937836,0.7607640643349922
18,36,0.02,1.1637088872385901,1.0899530429733628,1.183030236519897
18,37,0.02,0.9223668099222326,1.2692711648447546,0.9187293550789428
18,38,0.02,1.568524566792771,0.8894778439220783,0.875444225407952
18,39,0.02,1.2918022448693733,0.9640388197849957,2.1597086327474817
18,40,0.02,1.2012175282560538,1.4833235428963638,0.9340165745014096
18,41,0.02,1.4866868906198016,2.22303655881941,1.167128406390415
18,42,0.02,1.692593092800223,1.0509256469263009,1.7821648397932892
18,43,0.02,0.6865738614504204,2.240603256465156,0.5635732665723876
18,44,0.02,0.87582439828748,1.4912005798544072,1.1086473981035292
18,45,0.02,1.3577682972744514,0.7199950312391147,1.2171236992304726
18,46,0.02,1.094381666836321,0.5888132831253434,1.0313756340740434
18,47,0.02,1.316731450809117,1.0064640487538354,1.5056262654434889
18,48,0.02,0.7987774540591205,1.175858885272946,0.9893905206560338
18,49,0.02,1.4407886497434566,1.0130535941143328,1.071126068589816
18,50,0.02,0.9891725755314396,1.0083009750169851,1.0725395779756788
19,1,0.02,1.8599227123427136,0.9779469559958134,0.5821855405244833
19,2,0.02,1.1595704401042073,1.7780157259017535,1.2638503143172988
19,3,0.02,1.5265811145799522,0.7372749538681657,0.962420093298647
19,4,0.02,1.7793543616281458,1.6983572870505461,1.3250657224469982
19,5,0.02,0.9793662054401914,3.4303331644212394,0.6223064589433116
19,6,0.02,0.6795428458559101,1.66756261332619,0.8990596378244898
19,7,0.02,0.7925029506699243,0.834216093036311,1.2505203814873156
19,8,0.02,0.9375219660030312,1.6165475431280563,1.0582938674278957
19,9,0.02,2.489512336457967,1.354809432692686,0.9506065780565599
19,10,0.02,0.7467706130053013,0.9725028648447631,0.6981214637636434
19,11,0.02,1.0367689868814214,1.0652339147598122,0.7415898299428446
19,12,0.02,1.4923531277955009,1.0185825428296642,0.8707874055565672
19,13,0.02,1.313710495885919,1.508463295855167,0.6868123966599671
19,14,0.02,1.4679728328681767,1.6218102252237265,1.123967737236272
19,15,0.02,1.4894373992430703,0.9816663570222514,1.8501907086020382
19,16,0.02,0.9070059615400826,1.149314143958238,0.922624144391299
19,17,0.02,1.1616534529364924,1.0902966757409804,1.4038278907635084
19,18,0.02,1.2062778267270766,1.0137422271005154,1.3183961651296012
19,19,0.02,1.9796814853984253,0.8241974514338934,0.7333190892532961
19,20,0.02,1.8112262090053752,1.5812761829526267,1.1778921656586379
19,21,0.02,1.763704383732942,0.7654232211941421,0.7522701449165341
19,22,0.02,1.9163281768305775,0.9123782574173434,1.5341557143699396
19,23,0.02,1.4490158569476237,0.9060302641039335,0.8260432748004023
19,24,0.02,1.5019610787242141,1.1261366221801423,0.9580522476163074
19,25,0.02,1.8833527226084927,0.9373820773686937,0.9637668171016396
19,26,0.02,1.5355701378780948,0.6539697281543588,1.2789274091105756
19,27,0.02,0.5953375830074195,1.0031849008024538,0.8217158190263243
19,28,0.02,0.9903632566422209,0.7115364636394743,0.9535965704556526
19,29,0.02,1.1012868562116913,1.054632580499465,1.1779265484041346
19,30,0.02,1.3594585583786467,1.3005619423967896,1.1686239681064237
19,31,0.02,1.4450342326660977,1.4253439180039063,0.8316846186176321
19,32,0.02,1.2914299165274943,1.01598394284891,1.1633085702155153
19,33,0.02,1.3477380457304666,0.9611199152172422,0.7002572020752588
19,34,0.02,0.8249991840824717,1.0498302888730477,0.885765651470472
19,35,0.02,1.4530103077262275,1.4992552523780747,1.7116221260034419
19,36,0.02,0.5950103237735631,0.6950979431272244,1.2124415116977525
19,37,0.02,1.2508089221601362,1.0248290573879995,0.9344063804382685
19,38,0.02,1.2550156307215308,0.8414474147753275,0.9757961171811845
19,39,0.02,1.1383509606524582,1.3069480068904944,1.1162338172496
19,40,0.02,2.064329485478433,0.8498737140409891,1.1890820809893001
19,41,0.02,0.8683326543373892,0.6867260645491454,0.7109359020336021
19,42,0.02,1.4102775610185456,1.5150132393568547,1.4054425664935253
19,43,0.02,1.1983478129335967,1.4019119345894497,0.8591934169158062
19,44,0.02,0.9298822174052891,0.8738472398360563,1.0529533843662338
19,45,0.02,1.9033274245312441,1.2266207144414694,1.0994182184456052
19,46,0.02,1.0815408082262308,1.7031731676491102,0.5770933115623716
19,47,0.02,1.5320652475089422,0.6246185911945887,0.8335226507065605
19,48,0.02,0.8052904431375025,1.1509312036175798,1.6868201786167647
19,49,0.02,0.7654573249583181,1.0467509329958111,1.1678983096979108
19,50,0.02,0.9045459941652395,1.5624976115359992,1.531595190602614
20,1,0.02,1.434134427304221,0.8889521591626275,0.9975025775957693
20,2,0.02,1.1183015437728958,1.0226679953315279,1.0031526909022173
20,3,0.02,1.1493316940456522,1.9342956332386876,0.6990626732899538
20,4,0.02,1.1829533207137006,1.212396834742023,1.3521342400983665
20,5,0.02,2.7863646490928815,1.4260878463511824,1.194408684928911
20,6,0.02,2.0426205954831795,0.6928056110598197,1.6283788544715536
20,7,0.02,0.7575890563016585,0.8134810815495803,0.9998079640939923
20,8,0.02,1.3050566105746337,0.6156182273496923,1.2212170802835731
20,9,0.02,0.6643551742189022,0.9876833614540301,0.6841416397559673
20,10,0.02,1.4340979922255717,0.9304351958989474,1.8381008062312592
20,11,0.02,0.8249384053463265,1.7116294516758996,0.6239419617086356
20,12,0.02,1.382979331515469,1.1583500595429659,1.052069792092103
20,13,0.02,1.6064915687792785,1.2185210401494944,0.9906920226326327
20,14,0.02,0.6234080888331391,0.8114879485594533,0.9315280607099852
20,15,0.02,1.1696736399671668,0.7790415822076864,0.8247990608620822
20,16,0.02,0.7044733336044415,1.2815299331030392,1.1615234643532402
20,17,0.02,1.7745913176334995,0.9673097127395904,1.1754457763397708
20,18,0.02,0.7573493159872355,1.3429566370373909,1.2224174145136837
20,19,0.02,0.9899596537334533,1.091214787973785,2.086902010878128
20,20,0.02,0.7822839171178184,0.7068649230044084,1.1621958690398442
20,21,0.02,0.5072983585332089,1.1704274325812642,0.9549106075304022
20,22,0.02,1.626462015383468,0.6480297012227856,1.39380325110906
20,23,0.02,0.5827228956851973,0.8266992851941264,0.7389314065666468
20,24,0.02,0.9685259576403129,1.8257225646339186,1.202064609079201
20,25,0.02,1.5443946862184967,1.045965686063821,1.3763033012766077
20,26,0.02,0.8070385866575724,1.7586785364233415,1.154772902519171
20,27,0.02,0.9155784659119068,0.7430328784692086,1.1169012792690762
20,28,0.02,1.8549731458408325,0.9112656256168866,1.1783144734999187
20,29,0.02,2.161521526626434,0.8715235525825684,1.3407971616079188
20,30,0.02,0.6853809453292823,1.1498607458332506,0.5054818137339763
20,31,0.02,1.5541893256829407,0.8201071662926332,0.7248014841634434
20,32,0.02,0.8668579883101624,0.800677613682959,1.3409745819359358
20,33,0.02,1.1333212243049702,2.234884752465485,1.4367449073604277
20,34,0.02,0.8222266904760784,1.3953057936777888,1.0128595012623391
20,35,0.02,2.135650540023225,1.6940315104994075,1.265961019758307
20,36,0.02,0.8613041980588235,1.1127304616000926,1.3780706643626042
20,37,0.02,1.3351502268094333,0.8041822376954184,1.6648398671206488
20,38,0.02,0.7999555287537431,0.6739492721606689,0.9958820961508225
20,39,0.02,1.042807551276678,1.0728459565440582,1.4854988008359138
20,40,0.02,0.9695142031544758,1.0335283428147868,2.6069988288050956
20,41,0.02,0.7665226995324539,0.8536704129118028,1.5021941768039877
20,42,0.02,0.8349250936674888,0.7406660506415251,1.4996806596121912
20,43,0.02,1.0004400918072651,1.5171330385035504,1.0917493637237152
20,44,0.02,0.9702429132100205,1.4925791927496848,0.938531995758934
20,45,0.02,1.4362538267651042,1.0512279471193802,1.392326980737126
20,46,0.02,0.7613751621409367,0.8258848964179943,0.9129863072489494
20,47,0.02,1.3538622933503517,1.1795065998400207,0.9270016357461847
20,48,0.02,0.7459657791017054,1.1971975670171935,1.4218121692685426
20,49,0.02,1.5903606598588618,1.2952070452441267,1.4375715928292272
20,50,0.02,1.2497236571586205,0.8943706355218888,0.9215393594135889
