stage,scenario,probablity,1,2,3,4,5,6,7,8,9,10
1,1,1.0,0.7435813682660629,1.5562204479244945,1.7929700491106761,0.8927351771070904,1.1030913605640125,1.345642847651959,1.129532339267524,1.1769818451102745,1.2360431580714526,1.637765834339237
2,1,0.05,1.613141924416017,0.9123075377583932,1.7149291185259838,1.350354247921037,0.7406383412926879,1.2054365081287026,1.444233542167872,1.7628968542557042,1.4113328837000152,0.6669039646375026
2,2,0.05,1.4971958830055994,0.995775676029382,0.8620615118591947,1.0483458156766343,0.8374309545036791,1.2981962342550981,1.1464533441497702,0.9174201974871417,1.4850137197425302,0.725108701689055
2,3,0.05,0.740982046898023,0.9547797924432956,0.8594417749185936,1.0425330357167792,1.5045086145903155,0.7628686379025829,0.771098711698446,1.301688198759082,0.8900275382768282,1.9886919279104893
2,4,0.05,0.49765401723856295,1.3594417837461148,0.8174287778613731,1.3797270807931425,0.8912087657769461,1.8284169416061065,1.177424245810648,0.9335271673947892,2.734275743688268,0.5714509292785535
2,5,0.05,1.391855167224681,0.6389718219195163,1.3899489602714383,2.369649785765949,1.1175824209922316,0.8831892178999577,1.7534939285531768,1.2709544009871543,1.8584532067881496,1.5922329994341382
2,6,0.05,1.6902861714106154,0.9364660121450571,1.3106958792996013,0.7799412803712212,0.9266479137157653,0.9454729240669951,1.702868750517052,1.1315996999671645,1.316090977735777,0.9143236112711091
2,7,0.05,1.4506773697500974,1.0527739694684022,1.2483208313779037,1.748131162487392,1.2388862644047967,1.904221353257432,0.9726146769714397,0.6562274630301457,0.8216096773789061,1.2813369551434017
2,8,0.05,1.7983025289067247,0.781166080659225,0.5741197382781126,1.1119276348303757,0.9253279837753419,0.9697670282943637,0.4427281242617832,0.6106003035655854,1.3582283142953848,0.9550156797816483
2,9,0.05,2.054760436065752,1.0421543575821537,1.4153494992652165,0.9948940946193706,0.6959187039883683,1.4578112762816031,0.892349784228238,1.6489797550944234,0.6851038047431269,0.6374444538789098
2,10,0.05,1.0672335266922544,1.1552001348075276,0.751632920977339,1.4390019032775039,1.0632998748877602,0.7262204829178335,0.8874992795155541,1.262568166566881,0.517709156040586,1.3486813598325305
2,11,0.05,0.950971064516531,0.8076765842864094,1.614773402361441,1.1402119946829163,0.5730429124886219,1.1900623336202725,1.1358456777387989,1.2710755920149484,0.7913665430702727,0.8703384181889252
2,12,0.05,0.8188805910519301,1.593480127151076,1.0626749175323404,0.6259710811839558,0.9829878477835821,0.8475925837915442,1.3559447760235588,1.1256289232921581,0.7454049164719079,0.8288589550571319
2,13,0.05,2.722906310002425,1.143032183812321,1.3716905545615796,0.7366438607023215,1.037506689594217,1.2080070343897622,0.7211276649008901,1.8517123147217671,0.7621015548978444,0.8149199340265971
2,14,0.05,0.8530825431645375,1.7680742297978966,1.3959100292535547,0.8333270745683057,2.5039678056699666,1.7661465609694011,1.516424097476007,1.3281092865697552,0.8917388399411014,1.1671197262507322
2,15,0.05,0.7773352260854371,1.2567609791790804,0.9112135561529248,1.4622747115736687,1.195894112444961,1.5662563612254075,1.1728988298039618,1.1507788927371614,1.4342247350264157,1.4011952607576537
2,16,0.05,1.6860947870900223,1.2012611375954603,0.8401524585416394,1.6586490398588518,0.8416468477513683,0.9238601315070819,1.6203917820446396,1.0673264088846874,1.3766667006547222,1.6119073719598105
2,17,0.05,1.0581132493153873,1.4974371976718408,1.0458682571255595,0.9667170134209371,1.4127629624272382,1.022148573529922,0.7393277603312294,1.0375737417966417,1.243195855044299,1.2530975114694405
2,18,0.05,0.6073953431450404,1.1857359391600601,1.5444516173965832,0.7289746711620804,0.9843852266336908,0.9574925805185345,0.8945741654600269,1.4475648524006077,1.8176015818344085,0.8240577375260477
2,19,0.05,1.2428132286900937,0.9358756316525124,1.3132014746447052,1.4054301996985683,1.080293332391124,0.8258924202440542,1.743258979688091,1.56484895615537,0.913061977275027,1.8434553281200976
2,20,0.05,1.1956670066942388,1.2485745516066786,0.7833292150698397,0.9224539794891932,0.775447585855719,1.0133450133331596,1.6197121095371898,1.2728365345951873,0.7452357800200557,0.9244958334850445
3,1,0.05,1.4858042151523585,1.0098322078498692,1.1113703577825795,1.0951180554998787,1.0353513728990433,1.1531826408189323,1.0045271377006213,1.2375890223378858,1.1924847478820872,1.0328455577700417
3,2,0.05,1.0905422699680103,0.7414688302986079,1.2630518869708922,0.7161573222374202,1.3714128675270276,0.9620616862311454,0.9652147829326132,1.143693494227745,1.378156854588612,0.9225352325444099
3,3,0.05,0.939975326087583,1.5481814089740191,1.5189952138844323,0.6561768063892921,1.2740647702668528,0.7263174900641626,0.5472131579651942,1.3051055520184496,1.3093510340789278,0.8605914630517904
3,4,0.05,1.3432632805363667,1.5281731481450636,1.2530379500225366,1.4024606388276837,0.8290832958925725,1.2482757609479551,1.2198648089743918,1.1325848295741747,0.9526860111898194,0.7228259094372858
3,5,0.05,1.4378890268824267,1.2515677581980031,1.723771591748234,2.359766271084002,1.8455588579899298,0.7914732762401662,0.9030829702418031,1.2795946521222203,1.134225662793855,0.7786255434280526
3,6,0.05,1.6256122355672096,0.9908569007210575,1.1945245454217104,1.95279536535979,1.0154321078091064,1.2536107881514567,0.9838472878169457,1.1343747588846114,1.5560335397721612,1.2493686167062668
3,7,0.05,0.7903608958607116,1.2295251424128093,0.5867491975641964,0.9119788370826347,0.9349605699835891,1.8311799284670505,0.6761549753011209,1.270710099139016,1.0533255072357273,0.8846088423778681
3,8,0.05,1.2008718782063155,1.2347233199555394,1.072447917998102,1.1541171895431312,0.6393316492443168,0.8000588066608235,0.576557775568694,0.6360878490343067,1.2528799497296321,0.6596120994677552
3,9,0.05,0.9704106325968649,0.9751933280130066,1.5667488223777117,0.8769484683071,0.651073247286444,1.2506205888180246,1.8664972574422856,0.8547672376475256,1.5527166454688262,1.7200711082617075
3,10,0.05,1.6608880938448316,1.0674667715411221,1.8852538071667766,1.0854777326106013,0.6323255201406879,0.7155736489344282,1.6116758143720782,1.5022022803833277,1.0986753082470466,1.00782716868771
3,11,0.05,1.1120105689185633,1.3017944498449017,1.0839106900974642,1.7603879287432553,0.664545208940206,1.1683805131292957,0.815156542416603,1.0004444919644215,1.450849393591464,1.0160484755021477
3,12,0.05,1.200636781760253,1.3792666048040245,0.8073354476733836,1.4869776388917555,0.8414279009993916,1.1013956054334533,2.04621350189695,1.6037754214183293,1.102093741428489,1.378821706230482
3,13,0.05,1.043322293987378,1.2599774793252994,0.9403752755094045,1.3694614835500334,0.8825954742606357,1.5359223393388506,0.5781888698148973,1.131763969767788,1.1646101021722781,1.134813344766446
3,14,0.05,1.2893758562134494,1.411839434990593,0.7369241345863594,1.6965854905354028,1.2801520323522602,1.0890316125474686,1.0586436112661481,0.8656968040445854,0.9362657419810986,0.762514380210444
3,15,0.05,1.0598417036414363,1.1720037446621778,1.145683010224003,1.5565893009833394,1.8563859405522023,1.7393240939847505,1.3127223911049248,0.711401593582806,0.9570696744173768,0.7297471894609859
3,16,0.05,1.3249447813709834,1.2286496657807056,1.5295407442623687,1.1738760416725025,1.3462630729412,0.8644249977597249,1.2593198730716268,0.9609887245841265,0.7894168127224959,0.9305269698428121
3,17,0.05,2.854894752817299,1.556859302808093,2.552105040201817,0.9182441245205886,1.0831237975908732,1.39824910332921,1.0176438391645868,1.0462822925801045,2.3525577690437163,0.7830543494898895
3,18,0.05,1.2706826931624813,0.792966605279428,0.9172918398189083,0.9650887557124516,1.436265094724495,1.1513653476731838,1.456575560062075,0.932847250978112,1.5730136948706197,1.3607131004379542
3,19,0.05,1.3220064493110752,1.4503436261388054,0.9075588302943243,0.7607474088951183,0.9684678032335873,1.1654455593477948,1.2423411123854509,1.6137338984861829,1.3932927918280225,1.200398720137574
3,20,0.05,1.732626335266319,1.5188862028525265,1.3272216138593778,0.7647920590415854,1.4310753087810015,1.3005187526709234,1.1753681115252603,2.1396515580108595,1.3988447466661076,1.3409942238481793
4,1,0.05,1.0103064054049284,0.8017320034077031,0.847764904219726,0.7359224410226173,1.0221914609420775,0.995822767589324,1.5820880307375422,1.173901389369816,1.986899184223357,0.6541964807751968
4,2,0.05,0.7555611263251496,0.8727877599205487,0.7145813138303552,1.0043995165270718,0.7347773813768819,0.9515467126328258,1.0661885595798382,1.2763403536828872,1.7806887414992816,1.4144240310328855
4,3,0.05,1.4774149770988982,1.0974173602714992,0.7508411844985808,2.00438941018684,1.0744789026178576,1.3550089492256523,1.0467423870544743,1.0507056782024982,2.3856350543041818,0.9475036551901511
4,4,0.05,1.0366369175252401,1.1749628905032652,1.200150385443608,1.1112260394479554,1.169214148169934,0.8859709112971081,1.4557279223466557,1.0843318249457332,0.98469706431085,0.7659093574887542
4,5,0.05,1.7971932147415994,0.591734935486743,1.3540415396210708,1.9135794099878494,1.9310448235554636,1.1217918834822487,1.5731660131350422,0.9007389312760223,1.2880381356735042,1.6351614308496834
4,6,0.05,0.8118255908057209,1.0581603287210826,1.0534055156729754,0.8408150733778575,0.6207101475505041,1.8925902260705696,1.1312431886758043,1.3150245657720065,1.0949297732852417,1.3149387348810146
4,7,0.05,0.794744626952703,0.9288737099257889,1.3512402125569807,0.7439416160949062,1.339955414160018,1.150808254712559,0.6956156164253469,1.0674897240889516,1.3200331279047322,1.0125502415220415
4,8,0.05,0.9629992223700516,0.8701423906468273,1.3259214675307773,1.6915610866551518,1.2582888290699166,2.2990456970637316,1.1233997349513478,0.7606329560335985,1.9055220482708866,0.866063030089824
4,9,0.05,1.4898609607876354,1.47576098436432,0.8607589349081508,1.5987276440235014,0.727373912462714,1.8493293711126648,1.0438846622714713,2.0922423807500405,0.835135786965111,1.4331485046494539
4,10,0.05,1.2062519570837698,2.213359474342469,1.5476198846314904,0.8959714722968315,1.3373427696124545,0.698019181343462,1.0403065748990765,1.5563363712836065,0.9511526866868968,0.7543558288964265
4,11,0.05,1.3923955360622742,0.8081153320546963,1.5542717762450595,0.9777116297308499,2.327604954658116,1.5644658260634372,1.241729131724112,1.0858267110957784,0.7901610904479072,0.5305395064356446
4,12,0.05,0.6621989219160122,0.5792775352398097,0.6538912064162711,1.7556099858244085,0.8843475530138888,1.2363472143375769,1.1634739808518895,2.3351732146971074,1.051555451398762,1.302467477382038
4,13,0.05,0.7154365146539277,0.6840787906820347,1.3753177725352022,1.0276454685965246,0.5279553158885704,1.1536324433262446,1.1174487453075188,1.5427885818481883,2.721548874581428,0.9851800869265739
4,14,0.05,1.114353459812767,0.7752239341215756,0.7392307121172492,0.9475134735013665,1.1120555780212862,1.3167280629885105,0.9292068238576966,1.3475292875430296,1.6265194038899802,1.2192814596092931
4,15,0.05,1.4415278347535152,0.8635663970128091,0.9542461050793352,2.197250424269036,2.320556116244227,1.672820155686981,1.0240086403793531,1.0586039577549515,0.9936084980765304,1.2709951968389084
4,16,0.05,0.7051880622329041,0.8749469369610768,0.8055116949481117,0.8257174859252195,0.931958186231334,0.6345631531965938,1.409907868779984,0.8963586577899689,1.096358678737168,1.5631986946790244
4,17,0.05,1.2638183010204052,1.1098796350350428,0.9866161974169478,1.9835028395544705,1.0737345217581498,1.8597517372170347,1.4034740268214316,1.4127757384150266,0.8099799914978212,0.6634456960583289
4,18,0.05,0.7434491201657673,0.7835128567563139,0.8495593557359413,1.986047959185171,0.6711361436002095,1.6548901799134184,1.372923927852347,1.6661299724982128,2.148553943465201,1.0320650140613958
4,19,0.05,0.7102161802061111,1.1095124571324768,0.7820948737997528,1.2325576796170132,1.8778226821588295,1.2438450223454818,0.841971492493422,1.2476795980608384,1.1076439210642366,1.4207061444974305
4,20,0.05,1.6087510516716939,1.3259804161098372,0.8844248367413312,0.6408967570999313,0.4891644731133187,1.3145607191003839,0.9447961196199729,1.3216359585981927,1.7656548268817922,0.8883660799412327
5,1,0.05,0.746563489706118,0.6844172252705361,1.3628420216186143,2.267882299257009,1.5144947221649847,1.127961415045689,1.3060541804487509,0.8186307595390854,1.2990943780185629,1.1854695774149524
5,2,0.05,1.4164193872621784,1.686175135451748,0.7126705110025537,0.933988062467445,0.699775862708345,1.604798913642997,1.0528272434270556,0.9872059599769469,1.254385568634675,0.7690903166881631
5,3,0.05,0.7016553960063405,0.7846950525130301,1.0829236881418167,1.1798793120818798,1.1210435788341524,0.8831423103821258,1.0532591124556507,1.1312107212851175,1.0004360698660506,1.143693340819975
5,4,0.05,0.7955778028353906,0.975278991204548,0.8918901613628856,1.3001043013939197,1.0411169108736567,0.883926526451801,1.2237200525327963,2.0270799873427285,0.924919161428188,0.9130905244776231
5,5,0.05,1.2982672748037762,1.4744078021391245,1.1968891594867945,0.719567685685236,0.6724249820257145,1.3825904716209971,0.65085403413646,1.4461111774309106,1.580749061272154,1.1502902411910965
5,6,0.05,1.329281007985136,1.1836614279703483,1.4198311341407057,1.2595792402546468,0.5314087424361194,1.1036663671931788,1.3001628351404155,1.350799878426836,1.7313707367816802,0.8916586680357614
5,7,0.05,1.1290838854265135,1.9158575150829134,0.7001947461138922,1.034307413100104,1.3256968248925909,2.395358670278215,0.9085665095574015,1.3411083893533184,0.9153154423418731,0.8229801003354836
5,8,0.05,0.8756645074507396,1.2504857126962967,2.1719727002229203,1.144899953227629,1.2320100195431343,0.6268627127418948,0.8706021733748387,1.0578001885083996,0.9263773619774597,0.8119372933760192
5,9,0.05,0.8779015867437026,1.67413853237938,1.4398154338714195,1.4062503330889702,0.6875491220082492,0.7695077279677882,1.081682913523676,0.954579461359434,2.240026766866109,1.213503118352787
5,10,0.05,1.025764420784232,1.809492120196864,1.1666819682876692,0.4920477892896693,0.5819483900376766,1.2297965221133724,1.268748930850363,0.752001028767443,1.3764527081189264,1.6057044598060126
5,11,0.05,1.3397389003903946,1.3667672287820114,1.275281269977234,0.9135454300378677,0.8674557384204464,1.3656978098142556,1.7067629849480288,1.3356130135232087,0.9196995755117152,1.3318878832366754
5,12,0.05,1.3774637364166553,0.774588860149587,0.9235932411684862,0.7349405192207279,0.6359173863645255,1.3992032878531167,0.9393898012510052,1.1964172702094513,0.7530474355693118,1.3217699151948104
5,13,0.05,1.2214788878740042,0.9044928034095387,1.1025942918771527,2.9990744271547305,0.6682433396305114,0.9345715883513256,0.8056419488025001,1.100228473673141,0.7656422386728767,2.5127389826056943
5,14,0.05,1.304075653327908,0.9818765337744632,1.5929719395721287,0.796420989949567,1.185358562717861,1.3245198812816987,1.2958566517620183,1.175845700259984,1.0586277994111353,0.8330086940182367
5,15,0.05,1.0157574515797705,0.6940717139257074,1.3014044724044842,1.4505270853594787,0.7557291839197553,1.8163569708940102,1.128477079382512,0.9238207579737819,0.923475111841722,0.8674918436383545
5,16,0.05,1.154024238529854,1.5096828098527744,1.656929176590488,1.0436780801025878,1.464158391517683,1.6441835422564186,0.5806217130219267,1.2085147347581993,1.061271780933969,0.7629205976064377
5,17,0.05,0.6083007399147055,0.7217693199460327,0.8942758720924882,1.5158630060735265,1.3135454252715708,1.5439316370227951,1.0504730937683056,0.7720105453877562,1.2965266169168617,1.462254190997371
5,18,0.05,0.49871701529285606,1.9109304301545043,1.5407472598914442,1.5579903286514667,0.6666651349779121,0.8232099451210027,0.617744744635107,0.8605810060121626,1.0560016069739282,1.7270918267267767
5,19,0.05,1.9544835227024926,1.756351712794306,0.8187656858913519,0.9439284563031025,0.9863103473662204,1.2349415040565022,0.9245083681392715,1.618650745495821,0.8743763775477038,1.1269300499627248
5,20,0.05,1.226762062019133,1.4941488706857666,1.4273971646686099,1.2974196233606718,0.7675167842350303,0.7379551569471445,0.8893839602915019,0.7950192915650283,1.5828623480854083,1.5415592326297174
6,1,0.05,1.0039098708266427,0.9716764501499812,1.2494392735332707,1.880212821247068,3.0988859781683242,1.261107528832537,0.7482298210631698,1.0640111497645803,0.9443255090799133,0.6059280664819445
6,2,0.05,0.9243595796961745,1.3148266432708668,0.9314146256608744,1.2787385988311273,1.2568988968899597,1.178802322604215,1.2644005170667996,1.0690616814037388,1.0690527561315426,0.5244596330757756
6,3,0.05,1.1199711849573646,1.2140590830457314,0.6333097377066141,0.7803661800375705,1.093152745590424,0.7493709903609814,0.9026776430674014,0.9308866996300321,1.8849284586020347,0.788664582027385
6,4,0.05,3.725006056547976,1.2771336255615602,0.8159021170386744,0.8829943920474888,1.1241031415833846,1.2507012302376448,0.7372336222962439,1.3318864751616164,0.8201039840817967,1.0230135937290197
6,5,0.05,1.024874382251137,1.0577885341494322,1.171430419123514,0.9661399341745606,1.8870353433223674,0.6674168712051386,0.9719391583191951,1.4665753395882508,0.8932515562956387,1.3289129874931604
6,6,0.05,1.7022554886016967,0.638566295306203,0.8802763732408738,0.664006789676525,1.359279110330411,0.5255651689014283,1.1153272014185214,1.328253186966165,0.6726023413547645,0.8612735152622155
6,7,0.05,1.3086768914845637,1.3682663926756389,1.2799552582623908,1.960600585488897,1.2211841839512385,0.9814803907725481,1.4435178164616311,1.194476845140347,1.3197621798813992,0.5450089760549476
6,8,0.05,2.260745106833501,1.1050770405842432,2.232094951771321,1.0206172546842334,1.3190851165600304,1.4102350265516934,1.1064655839061386,1.1973662225469979,1.2570601363644092,0.9682221269365703
6,9,0.05,1.662021886334277,1.223683241097112,1.167957440196756,1.655310131636806,0.7466153078893567,0.9732915207391881,1.6223580510578128,1.0771942601219098,1.0667012951062016,0.9202242580034823
6,10,0.05,0.9148826840311893,0.9028607983760032,1.0076304791555135,1.9277802929165189,0.8827841790385729,1.369108966601506,1.176610624429152,1.8062649589836937,0.9420912743631391,0.9949165928200602
6,11,0.05,0.9325899359030493,1.5505096541012051,1.0755808038545358,0.6514271391107512,1.2136626089245388,1.0553267758451461,1.2095467548214323,1.219957842498374,1.211873968465277,1.223040097709366
6,12,0.05,1.9436913945450824,1.7090048525868562,1.6452896858538975,0.6543952142122829,1.5026492450568874,0.7268425974354804,0.9778066638743173,1.188027920294312,1.4211527263742707,2.032493180274326
6,13,0.05,2.0305767747323076,0.9443867342055577,0.8509343346343082,1.0286323610557468,1.1449045703663985,2.1612653196625846,0.9036897774202631,1.5659994467565697,1.7385653496507147,1.4124411601353601
6,14,0.05,1.177731258679673,1.1928375153449213,1.0266620504588357,1.743417945379998,0.8798404850906789,0.7977287239660251,0.49656651866260654,1.4168128573792402,0.7960036305089139,1.6280655848683683
6,15,0.05,1.3145404853739544,1.040377896093027,1.1692869142456688,1.7456847984211037,1.7993118510937263,0.9472664110418301,1.6028601789001127,0.9997561234510405,2.0844537129578473,1.7043096262710016
6,16,0.05,1.6416942671135026,1.575640581458895,1.296656519855175,0.8893118207032644,1.212862631788687,1.3919305067707146,1.413969028364607,0.654265247256659,1.1135820441514213,0.6727993419169699
6,17,0.05,0.6962939183369927,0.8489216039846527,1.1564318356137098,0.6772329070069504,0.7537557915609159,1.1207278449164202,0.9013342876262342,1.1019415414182232,1.664015142428458,2.100220875647028
6,18,0.05,1.544997993883653,1.1495431857603968,1.7805558301334945,1.6156401665312932,1.7094816256666436,1.1311009765913296,1.057720375771656,1.5527320450522253,0.7652998967983425,0.5969266774705306
6,19,0.05,1.2338723241957237,1.3990887543047585,1.316100207097878,0.9761006167492629,1.1523414137544081,1.066219674432587,1.0907634025833728,1.146794382198419,1.2933820542521879,2.4635431438470943
6,20,0.05,0.8700582660149744,1.0596529747410546,1.3947820321086013,1.5264138021525777,1.1641199000443163,0.9098913148335113,0.7813393974267159,0.7547369596928648,1.9712766398932047,1.8127404729475833
7,1,0.05,0.6575070349416771,1.1234084021680326,1.1947971322214843,2.4729983524362167,1.1379246686851807,0.6580522345434038,1.0137817942955494,1.531532158541751,0.5334496820952537,1.0001503658336501
7,2,0.05,0.9082868607053525,1.5214604016800863,1.3488000749731135,0.7330656043291627,0.7697520765680366,1.2632198042397957,0.6387625762435327,1.2920102305933274,1.2368313183616626,1.7091325368048027
7,3,0.05,1.6086343434047543,1.608131569521086,1.9588634072417845,0.8237343699361882,1.6721371159579204,1.2647375219650319,0.8359874224139492,2.1790925811597823,0.7551569107048519,0.4847572762157496
7,4,0.05,0.9488781540398212,1.752409381345431,1.0345266537664297,0.7819177349555205,0.6650614138187619,1.2738566535721745,0.5261393713362477,1.0193545481052515,1.108855105699281,0.6746187658172645
7,5,0.05,0.9715336648112607,1.426313216307735,1.4916841525208286,0.837728672602686,0.6322941562352118,2.1811630853005433,1.139582957917052,1.321349017079203,0.8565783854235592,0.4699286035930082
7,6,0.05,2.671167735798317,0.9451347697311733,0.8963925208233844,0.9181540048090968,0.9947136669164998,0.8359363344169487,1.556163800573326,1.2180897317023818,0.6158133631172719,0.9288604199512881
7,7,0.05,1.021636247132852,1.1264278152355778,1.620204390460254,1.2662766383370259,1.5186758860376328,0.9906295649459553,0.8637614953377677,1.2228608896736262,1.171725337626643,0.8767533852207916
7,8,0.05,1.765754302435598,1.339031897933078,0.6916642979194674,0.6134459857986171,0.9048018594421515,1.4300716916518956,1.4342238366466766,0.961164136554196,0.6111974741483581,1.7034190066309502
7,9,0.05,2.5667161916415315,1.833974368147329,0.9296343055516785,1.096635418445252,0.8009513664876781,1.270199827805821,1.2528006550155908,0.7199315561266829,1.4240318412460728,1.8323820204423071
7,10,0.05,1.2219752796280188,1.2509817650795503,1.3213507669615197,0.7801045748402,2.0613649582137903,1.0106830405797158,1.5454384836420068,0.9317392402025164,1.3018253143780945,1.2570692212781154
7,11,0.05,1.268895041821728,0.9351143168148929,1.2854022011773805,0.5286205811206884,1.0916369346133847,1.1322392296983406,1.037739763861357,0.8854387960007049,0.7363525083312373,1.954086299626091
7,12,0.05,1.7991212918670725,1.2049907631954824,1.2057733095420047,2.2068218484821993,1.7721579974612278,1.2819522712369524,0.7411965870916011,1.467265922662151,2.8391541221722143,1.433117665895077
7,13,0.05,0.7018370695027536,1.3103847995854285,0.8042213361982268,1.2159261548213687,1.1498125384126112,2.2949737243235577,0.9793051829465983,0.906416141112877,1.6174127659450515,0.6519976626663966
7,14,0.05,1.1268621241215635,0.9216182619318968,0.8651821198008343,1.046106629672141,1.992567930709611,0.654365237359845,0.8753528635407227,1.4233562364601708,0.8704748112812293,1.2606636190206078
7,15,0.05,1.404667514305399,1.0991732994701877,0.9553278160343261,1.3694465084187306,0.7922779993314999,0.6290506806235263,1.3429364042837344,0.6633632052834817,0.8184654262994202,0.8470761380415315
7,16,0.05,0.9286804308888718,0.8873027494928318,0.9278847157511648,1.519598818919783,0.9292422416827816,1.3530248118064299,1.4593656185799042,0.6117956784649309,1.6367091107357075,0.9494267836486897
7,17,0.05,1.6140618896351457,0.5688622668994361,1.3104078394563343,0.820928659464571,1.6050263999815129,1.0520871603005308,1.3943457024272874,2.088643859701367,1.0334777920806975,2.1682854433632612
7,18,0.05,2.1517011974143787,0.7441623215711809,1.1148829631494992,1.472248270556543,1.3570019729651175,0.9516525957500737,1.213628057543344,0.6389156690323496,1.6781112091556938,0.5884077445269424
7,19,0.05,0.7079214332336699,1.3029424731177295,0.7773363848212913,1.530247275527499,1.0907991234158707,0.8187710058212294,0.7795788869477203,1.6973485306121747,1.814491224599489,1.2852614198735295
7,20,0.05,0.8670892586041385,1.1138450343878596,1.2504992477971137,1.1329279979096427,1.2880382023516588,0.9642044221443298,0.8573922533124498,0.7247950315994304,0.35428007306240755,1.1578009382661159
8,1,0.05,2.1509605521095336,1.0667351678330372,1.030628352887579,1.0332656504748947,1.2614495811538078,1.062199542955431,1.2162134764041421,0.9546045418125464,0.7718534292031406,1.0850920810080757
8,2,0.05,1.6004338954899515,1.0611029276312693,1.4269487842606796,1.1219293462972024,1.7098287973626765,1.0075190626320365,1.6158014337838567,0.8355629857840372,1.1551244309382205,1.7340485647845572
8,3,0.05,1.1434981702527491,0.7653505357539955,1.1351705429566186,0.5999753645391689,0.915601894862018,1.452180538842312,0.7022581722714423,0.8921157753343505,1.4151162680673952,0.7958522313879105
8,4,0.05,0.8974043308647911,0.9617298361364617,1.156215091657293,1.101834249788389,1.0241635758243166,1.8754318586484333,1.501198635972839,1.5443822884038343,1.622526762863775,2.2378898825645663
8,5,0.05,1.2651742582481733,1.9168370567101127,1.0122279800303469,1.2650370852021906,1.3699751514057645,1.086162587714167,0.7361016004800254,1.1188806330429446,0.7660388473802738,0.4854836387663334
8,6,0.05,0.9237124791329007,1.635274205124242,1.6242279836887783,1.1105498556169613,2.6898252455374427,1.5326513710765093,1.2382251933269304,0.9275379303615162,1.8283718635443194,1.9682038891293299
8,7,0.05,1.2417951634871538,1.1814156234159627,1.1761142516598249,1.29757148937036,1.6871605534576648,1.22578678838638,1.1566247148370898,0.7678069562361681,1.3242150025196568,1.6719630583664609
8,8,0.05,0.977056942188828,0.8678149430309241,1.5380287345931107,1.0132742631459046,1.018527972826696,0.9315165224932285,1.404769366278387,1.327612583263868,0.8045220803343375,0.9426820210969483
8,9,0.05,1.2651360351468306,1.4406694830342275,0.9607409533668119,0.7183891023016207,1.3553565484647472,0.9124344845491127,1.18807251422495,1.4335395338991208,0.9510398303886135,1.447076745262155
8,10,0.05,1.1242870760061345,0.9537768239216012,1.4039906671875337,0.9047717830087726,1.8362162824282957,1.6232174151005065,0.9065299446122358,1.0186799371753914,0.6403040049415669,0.8997621602797311
8,11,0.05,0.9610943059341512,1.244877632425194,1.1574843894705362,0.4831787886414819,0.8151394537166827,1.5095725866327085,1.5497575140103228,1.2349402549337443,1.1393008659786894,1.5529589714393777
8,12,0.05,1.3357843734489971,1.445497579465304,0.9414822631836098,2.070897161641577,2.1301343694449217,0.978874214730797,0.7079165137095011,1.9193037312351733,0.5477829015709932,1.0664909333956112
8,13,0.05,0.6982124963048054,1.108994565572924,1.3146002729761912,0.9262588852502089,0.5296677536937515,1.0570926715011992,1.2499515266108783,1.4264093006049592,0.7936119783743645,1.2113655969538404
8,14,0.05,1.1120909907719247,1.4121214219171314,1.6536147300621835,0.738967869869337,0.5876570365008327,1.0294640194333247,1.4752170143741163,1.129759128505372,0.7931622474271645,1.0590622259394713
8,15,0.05,1.2888889963470818,1.96198061138451,0.7689719094586269,2.426299546003971,1.625242299485258,2.203277168802938,0.9005322561705993,2.140514740714724,2.7581689854119507,2.1836293879903215
8,16,0.05,0.7707738579679679,0.9093558393848336,0.7851266297669499,1.1048598370850369,1.5522250351548816,1.2329579320429518,0.6734975009550238,1.6342943061737643,1.01891279513282,1.058294421691554
8,17,0.05,0.869500273331154,1.2629961336169153,0.8124267093339227,2.306573823060513,0.7917102133200906,1.1619944189346423,1.2079477888752752,1.2211377313191996,1.1757336827203624,0.8977150779699744
8,18,0.05,0.8941055392163113,1.336270457628381,1.4099191870691694,1.0142027710736734,1.3931599855757872,1.4550830979800742,1.0080219540012563,1.5776546627016832,1.017301580781681,0.8314041039891475
8,19,0.05,1.303968665067525,0.5624155992203718,1.134445242679686,1.7531407796724574,1.9511118313676012,0.6926322906788794,0.8774446272447951,1.4132110505855853,1.0503032688956189,0.9849338509757298
8,20,0.05,0.8016842215789047,0.8806677747112373,0.9263792609253029,1.5412389520119991,2.136039924849071,0.6454199369804771,0.9184270365996787,1.2001593429809096,1.8938564643645137,0.8649193304360885
9,1,0.05,1.6510951011891348,1.4128609786720137,1.3113276351134493,0.6501685201320165,1.4223531244562935,1.651618143684318,1.8672456006533507,0.7051533952668048,1.0016216345905085,0.7020920048488781
9,2,0.05,1.5378401673742539,1.4590115780787714,0.6891853572676674,0.8567484787518984,1.0132624955356113,1.5495682038462404,0.9438389003397724,1.2237477424325804,1.4195241880939724,2.605970948319497
9,3,0.05,0.9777999649940274,1.316384523349034,1.2426853664704502,1.158769606189958,1.1836786138558126,0.9854988072688808,1.0895968830376643,1.555210847424561,0.9166080327309375,1.0276798464717616
9,4,0.05,1.3114572525713664,0.6044870022779365,0.6598682410235255,1.2687044380329056,1.021907621261989,0.8217148714180991,1.3628674890911048,1.3423207685499303,0.9958926680273785,1.544025112487738
9,5,0.05,1.0310338523144749,1.158188056375341,0.9759997514041101,1.2546944752233378,1.0245213289509476,1.2157577323506632,1.0198870059614384,1.0951418374636097,1.241514542778786,1.2470138223373848
9,6,0.05,2.099498042631945,0.9597072830529958,1.212049389789602,1.8776231855494945,1.0744100260016403,1.23421326836767,1.1317574184061931,1.5267661382909987,0.7912011137618007,2.0245663478829896
9,7,0.05,1.6259698105467688,1.6601106117127111,1.5628580811237254,1.5421420096023033,1.7765269004968482,1.2770157366410975,1.2069969126884494,1.5753618987168878,0.7448380653985399,1.3425268335138882
9,8,0.05,1.7144086780946917,0.8641671426246524,0.7783486146164962,0.9984087862061725,0.6186767648299447,1.6232976945670647,1.2132738198106479,1.2549382070660111,0.5770541459563724,0.7783779482575518
9,9,0.05,1.0913125634079315,0.6054190715803539,1.3019271735169708,1.2366297479385795,0.8299686966860224,1.0483354562338594,0.746619348527473,1.5027070806806901,0.7522728094171781,1.4912789836270068
9,10,0.05,1.6075869008754446,1.8451020534064526,1.4407146165606675,1.0138109038623784,1.2478579484640298,1.2711946998306858,0.8535195732811159,1.0911362351674632,1.4439359445250814,1.0509786230084674
9,11,0.05,1.0035824609801713,0.785250068163642,0.619228488829682,1.0596396278159124,0.6701850497189682,2.176708183183631,1.0216842135629147,1.6639671095902302,0.8525584721756773,1.0412567912525628
9,12,0.05,1.4596416027296422,1.2660967391104156,1.1347802034428038,0.7692665701657099,1.7259297824422482,0.6760588451250104,0.8438681947227962,1.8321105464641738,1.2123494646231447,0.5837034317130576
9,13,0.05,1.4100273960068106,1.5763509978729755,1.1671847997751017,1.1915035961459168,0.5050569059242943,1.162366100337686,1.4219523730670418,0.9537709849697326,1.702269508045401,1.1316534710453507
9,14,0.05,1.540760921164614,0.8979372951960047,2.3247550990866492,1.1638965758706386,1.179635738394441,1.3402488325594726,1.017201015481391,1.2661938630278917,0.7863283222437434,0.38621856578418223
9,15,0.05,1.3459772372087437,1.2034081203594194,1.013022677234911,0.498366387321576,2.5171482887213537,1.0379327687974658,1.2690529261232921,0.9085134722139918,1.1573004450423787,2.250674568534217
9,16,0.05,0.8236171901008512,0.9982181490453558,1.0743479368072972,0.7799217826972266,0.46358994564830813,1.5154625097690118,0.9401555912989639,1.4064303314521758,1.3314334753065853,0.7126151505417604
9,17,0.05,0.6708383111218539,1.0650307828046806,0.9988300715792943,1.3964446039012952,1.0902560957184082,0.9411289946772615,0.8760141745075793,0.6921809266786264,1.36921940090615,1.0110883357619425
9,18,0.05,0.852997992292575,0.9357570814195701,0.8083455918792696,1.7747756121156373,1.2101755764795192,0.9089739649576204,1.1660079525887106,1.0966172762369317,1.2321731635901156,0.5569945170349466
9,19,0.05,0.742280278184595,1.1777543886999968,1.159910529144606,0.9233600419597854,1.0828032123927487,1.2249147162691796,1.4884148106909507,0.6525329969806234,0.31577634454585896,0.9257745449111322
9,20,0.05,1.143360839574663,1.4089696363640698,0.912012037640252,1.211642881987878,1.1599909643637445,0.9791859861740176,0.7031111131423412,1.0749205715036851,1.145215676493354,0.6088681219627298
10,1,0.05,0.9459993177823256,1.5100218066363555,1.0105160712063883,1.0400791468934178,1.2842837666895295,1.180627594498969,1.3223420329161117,1.1418879024018753,1.110395833204516,1.02136128901215
10,2,0.05,1.0226425130977397,0.9648440362806352,1.0583858842289005,0.8774936792356539,1.046025209978119,1.4212225447567954,1.1130626301511002,1.0623896574980873,0.92154266027015,0.9350468132133796
10,3,0.05,1.0052771743203968,0.957884520763889,0.9653313240212931,1.6300838309716226,1.4919383993249853,0.9040474915466508,1.4181358584360435,1.5040243048574031,1.0450473763089314,1.1253924796915957
10,4,0.05,1.4426126600427183,1.870754305120248,1.1154386749401264,0.49611889162334283,0.9719203408855304,1.410896764003857,1.360673092060104,1.6466210502075291,1.1988449077746781,0.7685110263054484
10,5,0.05,0.9853886047914839,1.576372386611595,0.7545943485990103,1.68575387680696,1.1394969834340631,0.6588078338878411,1.5697827628611472,1.1105304753132776,0.6708390234445942,1.418321064650855
10,6,0.05,0.8966480481806007,0.8443197689357029,0.6877106153680685,0.7174906649339555,0.6315304311022021,1.1217293929363679,1.9461578421662467,1.135255875138255,0.5293274270782243,1.3197009794339911
10,7,0.05,1.8793888006436976,1.6572732228223765,1.5670003730865496,1.7701520367785903,1.062966268248738,1.0937828658679516,1.6394832103362813,1.7848090635413985,0.751270168833091,1.9410831048899782
10,8,0.05,1.295069075403421,1.2520575683893242,1.022131090983187,0.7435606699354556,0.9667715600211804,1.2562911230324092,0.7196074567803193,1.068390912269627,0.7291929892960128,1.2618097684926575
10,9,0.05,1.6480479219779718,0.4804372901344142,0.7662368285400949,1.512936679094802,0.7162184529892646,1.9341900717437202,0.9266953318253909,1.5965546439036427,1.0627022080831554,1.02007610132508
10,10,0.05,2.2787457398918836,1.1666066716493713,0.874362402032293,0.9714656279013452,1.1829963941629864,1.4653096889469217,0.8259545340354855,1.4755147215656406,1.1804555339975025,1.305197772057272
10,11,0.05,1.523758425286563,1.4226389532069503,0.9796470162627798,1.0122043492328157,0.9292994265045251,1.6524072674383001,0.908232120841947,1.8498201240476133,0.8005854763401833,0.7993920339609093
10,12,0.05,1.709142782848763,1.9666274350501822,1.3360887368366565,1.0441932738606736,0.8307984863330999,1.3313788660201609,0.9090104905521745,1.4195004616781763,1.099108290765548,1.1268136441095975
10,13,0.05,0.9980701711484367,0.8841021057787036,0.6541360059637421,0.8785481525215505,0.6460990530562046,0.94931333053092,0.6221464464806424,0.957128037707388,1.2418366227892688,0.839759394484723
10,14,0.05,1.0046562668125043,1.7790115371113069,1.164871545442295,0.9818326548959517,1.2540832619683555,1.3085175221258227,1.045395982958021,1.6041682042290935,1.7527164409760072,1.1095564645262614
10,15,0.05,1.7502069407890004,0.7794636940219763,1.0447296695475503,1.1131074115014716,1.0880204210726285,1.1526659920948044,0.733318289703358,1.5543087898674786,2.0802882172770327,0.7329879199066198
10,16,0.05,0.482275500909328,1.4117684882982489,2.036895513705966,0.5873947209093043,0.8091907969614112,1.2223122168510334,0.9341149034134346,1.173838152354902,1.5612930226114254,1.018775004261208
10,17,0.05,0.893465344811928,0.8080882498590699,1.060917399504872,0.6952550612138793,0.7083385279195495,1.8830444537696989,1.8452975942360927,0.8596761488854181,0.5857026791641634,0.8060924532083824
10,18,0.05,1.4967203891273977,1.1228545487040968,0.9419003291637963,1.0035668168296612,1.2332060471310855,0.87122211706011,0.7984670961255493,1.2438093223210716,0.6868779355087973,2.0943048597421816
10,19,0.05,1.4317868160356118,0.6358606674400573,1.3628915106368573,2.4577273321578845,1.7454565142005598,1.8741666644918948,0.5209325607614314,0.6157488065570063,1.1454946344979022,0.7496093763880696
10,20,0.05,1.0391898589066217,1.0611643238604804,1.340950558033105,1.0954246270504684,1.074743104209318,1.5538697550045029,1.386113583564723,0.7858869100745202,0.8768268259354619,1.5143266373131254
11,1,0.05,1.027564320295579,2.022927994337464,0.840276631982152,1.243345719843,1.3907529684089672,0.9085682298553586,0.8665054633367566,1.9100244389666563,0.9710359162533398,0.6330736676787723
11,2,0.05,2.0249932385315326,0.496517869355148,0.9371993495571949,0.7830462617123533,1.6752494380073333,1.2726691513545265,0.841392040946136,1.350920726832976,1.242529289054054,1.3523845738191307
11,3,0.05,2.098409534787485,1.4226277245882493,0.9461303227075804,0.8673470376236547,0.5673584735294875,1.0810994934147613,1.499811294677936,0.5318040168748233,0.6023572015713846,1.1002170794731112
11,4,0.05,1.2720604268119549,0.7604751999832344,0.808319556114584,0.5730532468898896,1.304836152830089,1.0173753489960904,0.9336877311909972,1.4144483139966049,1.7824583572906367,0.8179429547271917
11,5,0.05,1.048499606184242,0.8917817288533774,0.950970802078421,1.292690011013413,0.6760953389612455,1.1036117261957474,1.0496943197149795,0.649368068963677,0.7860509014416567,1.3544951163034464
11,6,0.05,1.349787098699812,0.8490355038122828,1.1106332514574118,1.329822397250625,0.8781594603961467,0.5613115336955451,0.8315924703319126,1.2106909949935845,0.7876756405060591,0.9596028443891399
11,7,0.05,0.5881587320860131,2.2575809989339293,0.7657613943352464,0.6247634758027288,0.4939447804538407,1.8100934509729543,1.1028930981724052,1.4763934532603953,1.4239258830891963,1.550411744492243
11,8,0.05,1.6187691317897799,1.4043142963890616,0.9711865681613526,0.9057944228717276,1.8458041285589162,1.4051777045776426,2.667137039804227,0.6606308464847193,0.9408231826513874,0.7164968131298566
11,9,0.05,1.8344567937366694,0.9836634752369664,0.5694636196133616,1.5583297828763079,1.5189086557879885,1.3502227697548699,1.4384093015847745,1.0026094344691747,0.6280479744572824,1.5985393608491603
11,10,0.05,0.9499884083478046,1.1382864911606454,1.0994574378740332,2.885972422411735,3.815079229197994,1.37450409100065,0.8204002204600315,0.7250983266152218,0.7410762658989274,0.9084498266960566
11,11,0.05,0.7723405473759526,0.7369535193140939,1.5743652337917555,1.2822410288318413,0.9082100384755357,1.6709207622030944,1.0341245638520213,0.8630654471136827,1.0690533708614416,0.6796074029230307
11,12,0.05,0.6666271353920055,0.8911474014646645,1.0007700887507773,1.069264069106675,0.8544326960061541,0.8893428439542005,0.805393837378145,0.8001738871442203,1.4869777310719914,1.3316540350991104
11,13,0.05,1.8858344995129086,0.8304357200701656,1.2849426826848322,1.14817039375448,1.1917260116358597,0.5020634778964148,1.1234026836958226,1.4346133618472836,1.4751049331604507,1.1208096588174596
11,14,0.05,0.8233884392582556,0.9824894594764167,0.7742604346549133,1.151199244343123,1.1472304450239388,1.6648932496043307,1.4994125188722771,1.2212112986967951,0.9249252248796422,2.142576517079386
11,15,0.05,0.7524714526887664,1.0965278931757916,1.5203009639885627,3.303501535211549,1.0169509886776122,0.7394304990107503,0.8340900053429352,1.5866832205930057,1.2158350441236703,1.138459035019572
11,16,0.05,0.7110308203890869,1.1015610511857072,0.843227343637237,0.8366136431885922,1.027353689036227,1.0600872622685134,1.1317647227707235,0.7693011219070367,1.2517406250897698,2.9794731020534977
11,17,0.05,1.205494546707431,1.2056201659015116,1.0473832999718975,1.06312361195781,1.3208582640461262,0.9178823428166974,1.052430994773242,1.3595101256531315,0.8437498189549387,0.9947383930476638
11,18,0.05,1.046409854808619,0.8113597215391926,0.7503234555333967,3.222450736658727,0.8859622535807837,0.6482240777447627,1.0497825986866485,1.3615951575020961,1.469744308206931,1.4807923936823775
11,19,0.05,1.871291154850817,1.766568054422498,0.9865545597238018,1.0408742163653872,1.2078629003064025,0.9400235812510166,0.7133210810210238,1.614382603246286,0.9145782545169383,1.0933952693218179
11,20,0.05,1.4130003103285662,0.8140877992624089,0.8734560459422201,2.2079838019956357,1.2010610025493875,0.931325609307542,0.7114601214336718,0.9132395921147908,0.9820032769771239,0.9006308359866513
12,1,0.05,1.5337460126002882,0.8621750019054079,1.1648228544757155,0.6517229886192178,1.4931443293205613,1.1572948687692612,1.1359287188857177,1.001241769699904,0.6840781085483156,1.0156959267582217
12,2,0.05,0.8590193582764314,0.8649587518562782,1.6501356657975457,1.7405271762962984,1.2917842234672656,1.2429546811862615,1.3783113006524124,1.65749669541274,0.7821127978225584,1.0051210324090938
12,3,0.05,1.1166846720560377,0.706651275159337,1.43099113932664,1.0077678837908801,0.9005846684860678,1.939760305036037,0.7569841451533557,0.7945500057088608,0.9476746914926406,0.8045591438782735
12,4,0.05,1.644342901543828,1.479894229246634,1.1831203012022788,1.1019999879712237,0.6208141083587139,1.7067444613533622,1.8814289806506685,0.8972408440159887,1.3378910917827431,1.1009342281062913
12,5,0.05,0.9809766954749475,0.5798880320230692,1.483588949330152,3.1218124500193074,1.5211302098387898,0.6772493108597304,1.0241683458408353,0.9228701516574254,1.3637689670396669,0.8623520417369963
12,6,0.05,1.0865972446876662,1.0439738356759902,1.0843029157510198,1.2970636794447392,1.4727211398399265,0.8901602888046289,1.371323310061792,2.1541969502732563,0.7644333820323561,2.2777836504820383
12,7,0.05,1.7568652966287397,0.9306049432933137,0.9987268082722464,0.812210838351487,1.1418966479380754,0.6919748460548336,1.4037276281620228,1.0115169739746706,1.0678814028113668,1.1992606638101662
12,8,0.05,2.097797071182806,0.9363694429184858,0.8680738475817587,1.5874782369698481,0.8146402595999614,1.0289874290168015,1.9073149432153784,0.9248692817134473,1.2691676885661933,1.3397086343972444
12,9,0.05,1.1174234016337237,0.9593078005075257,1.2280802658129304,0.6226494821142098,0.8408619050563086,1.7850476927982057,0.6675025773958942,1.3286459364594094,0.9688605668136122,0.9232884788974427
12,10,0.05,1.441194870052537,1.5168442641716682,0.6867254498591411,1.3879793950334045,0.933340689733372,0.9735562528242029,0.8941696214357291,1.1465749596880077,0.9313210838111976,0.6327728132937458
12,11,0.05,1.3639471035173791,0.6192816388989472,0.8489983584590844,0.9548852943337995,1.3062216878549107,0.7641885512063251,0.7872296787719797,1.4606194930395713,1.0133106463217203,0.768241004819193
12,12,0.05,1.3723072897055624,1.2327913441595673,1.4216283139825303,0.7555172840752611,1.5001674223829358,1.3072001452458188,1.5237963737237843,1.2656100238698467,0.6926113524798756,1.8361812389197318
12,13,0.05,1.4653475157448748,0.9571895172417775,1.416298783473092,1.2897302282292031,0.7585267276908247,1.2611689509616169,0.9436557601764279,1.4520823844874209,0.7153429319675715,1.063551784601178
12,14,0.05,1.379504426013121,2.1467647948003794,0.8280221411138419,1.6108298158376528,1.9157563946777467,1.146510009063739,1.1443038344300946,1.1008471556426798,0.8164479936174862,1.1226459381697493
12,15,0.05,0.6840978597419797,1.0342622934677157,1.098623068033593,1.124561072559411,0.8016292799530774,1.0379519476911303,0.940553627607746,1.197986966542441,1.5513501821120153,1.9314357249664702
12,16,0.05,0.6674927172638568,1.3319405811196439,2.6919781837560026,0.7836397655277381,1.2430534956846806,1.012857590137863,0.7317478859130393,0.993439433549694,0.6649134741489701,0.9134152146648556
12,17,0.05,1.6107383863262785,0.9764459135541217,0.7644957008000985,1.3860910441315126,1.5652342273946545,0.7409231585834994,1.3953842561422016,0.9640138417001903,1.2878131192996427,1.762989083420575
12,18,0.05,2.5064539958788603,1.0588472630628605,0.9459342770440562,2.138592954562763,2.0325961014312117,0.8955591192204186,0.9127599834810742,1.1995069661305704,2.155401195005865,1.2218896592984856
12,19,0.05,0.7588245936163476,1.1146250779160636,1.378713432598063,0.7399977770583535,1.563528804329449,1.012075427058425,1.409340977438962,1.9409309788930962,1.4675297802206204,1.4369012739734641
12,20,0.05,1.1310683602403546,1.0651580129202725,0.904389939662192,0.6628855646999158,0.9969073679751435,1.047705153519843,1.203009486147156,0.931242748177507,1.1846929288357284,0.6902191133727316
13,1,0.05,0.8268356112313472,0.9989362382193093,0.9568885614208755,1.5547403476921564,1.1331475949403265,0.8048242067665677,1.886316773428095,0.8050459042031692,0.7919356158810825,0.7853240646757078
13,2,0.05,0.6364678418921113,1.1770202157047398,1.1274616484089175,0.6136211330528383,0.47838497429151877,1.5345697172462236,1.024701969657575,0.8441986117468389,0.8531860930557612,1.5567491287684068
13,3,0.05,1.0114598068100813,1.2579460159343587,0.7882526674595299,3.6002590114122555,0.7331348902829706,1.1675997324027274,0.8287125579177941,1.650748245355628,1.385108100352149,0.8079773020046107
13,4,0.05,1.0653498373604064,1.1035915917349193,0.680352544664667,0.5328728032167022,1.5604719757584964,0.6590356582898544,1.095998831659591,1.96386629689674,0.9607738944620932,1.2391393907027919
13,5,0.05,1.2493419111829238,1.1805085132870876,0.764052464555438,2.5274406204725652,0.6729685963423083,0.899030184531016,1.0491351649159606,0.80464845665124,1.757186605913084,1.1054210501227313
13,6,0.05,1.4189509678122896,1.0580615614271418,1.3279165748361075,0.8534105613164575,0.9355327869468949,1.5035852030501116,2.1101433958364613,1.8365740866595832,1.5414325747937907,0.6020443667575486
13,7,0.05,1.9501872701756697,0.6998811068974401,0.6461031681282693,1.6209137928075052,0.9974593576366791,2.0764148031405796,1.707857431468787,1.080870217731503,0.6802692700351213,1.9671544368925449
13,8,0.05,0.8494922476369406,1.4397154001045536,1.0365177471869607,1.2077527922672533,2.40936273921037,0.6571390523763894,0.5471149376153799,1.2179353188277984,1.4666780916998887,2.0872371572194464
13,9,0.05,2.4124615094631183,0.6682734784727016,1.160118266011986,0.9540563453699985,1.2786854305927469,0.8501894594558667,1.1374647044735688,0.8330430124664012,1.093933216311582,1.4409860958325063
13,10,0.05,0.9159414333830319,1.0085833490555336,0.9046365841277529,1.6162268132682274,1.0776886802625634,1.3932260595987542,0.9020988314869157,1.9277793507454952,1.5420789933161332,1.1040687240853146
13,11,0.05,1.0156259931860039,1.4217773694090556,1.0060940957203082,2.1585023428424837,0.9614881342393261,1.0023234013118922,1.189753043501791,1.0447819297200802,1.208866198051601,0.6714507776550428
13,12,0.05,2.2890022478284355,1.4051572961206094,1.0837849045274228,2.088491667254097,1.0181091217281781,1.1776731117122827,0.6829040747799071,0.745527015637059,0.9966556223796106,0.8223591096025891
13,13,0.05,1.0285959358578147,0.6528586264768502,1.268645606913541,2.0647782763394678,0.644113845572983,1.241866136971882,0.8995324308018176,1.2914852820953684,2.256884398155189,0.9868587749483856
13,14,0.05,0.7735973017721264,1.204725739817042,1.0004746105510667,0.5669336198333235,2.04754259591063,1.337326888784978,1.388963360061926,0.8639295356660327,0.9133179898264109,0.5887342101775447
13,15,0.05,1.2340584654602047,1.0105988457446622,0.7410556965037087,0.483250954481546,1.5866107624190695,0.7037501474422171,2.0743456799307376,1.2962322868753993,1.517330204452987,1.4294297888944676
13,16,0.05,2.6725368625287205,1.6655638326776037,1.3325717204034409,1.0758057836570651,2.0170231650887636,1.005922097978404,0.8159762610537712,0.7863378102157325,2.0349570871200418,2.0852680095949734
13,17,0.05,1.228677115280561,0.892988490057051,1.4628114517403308,1.8028900673526054,0.958723718300694,1.019733913765952,0.6604492852076649,1.280204364191442,0.4269847122996193,0.9307257898592451
13,18,0.05,0.6687062210603759,0.8177246414179705,0.5316885594658214,1.843868839827362,1.3598741548362199,1.2312041673807683,0.9183772853108413,1.6093210867855992,1.5562170099005375,1.9609419892297741
13,19,0.05,0.74315616432152,1.0525790562426094,1.2403858014198126,1.7978781273359081,0.7324133510548265,0.9485636384691437,1.379326941694885,1.2664671666146423,1.8252896952959405,1.8237907989701045
13,20,0.05,1.2960095307127246,1.7612216914140093,1.1855080793182937,1.1758644308749073,1.1355845941450862,1.128242562752053,0.5553184390312815,1.581699254253485,0.8948978562953452,0.7736454335514182
14,1,0.05,1.3164505242897178,1.0615004691406085,1.0897872436135794,1.0094230490883445,0.8009179742040047,1.084426291366097,1.0667083001639992,1.7562089488983335,0.9721410277376316,1.011696364289046
14,2,0.05,0.8324671002961346,1.052696701757067,1.4317639902589623,1.2744930556683027,1.7139843696106372,1.2065815468828427,0.7172147366289334,0.6544733977282343,0.5944040811391758,1.5789408461202492
14,3,0.05,1.3719353826924308,1.3757139712447644,0.9537737030883203,1.9400028383868024,0.9311318881275229,1.5950933339371758,1.7506054111423994,1.626823100228968,1.2136568213877497,0.7462991099649186
14,4,0.05,0.8184941922932562,1.7960660957962662,0.5638182817941054,0.9156598591671721,0.8951953751489965,0.7212380328257524,1.9786849614231585,1.594194843497649,1.0560248086388944,1.1271763053554684
14,5,0.05,1.6432483361558237,0.7765744679305078,1.3335733726089574,1.0905108194250552,1.12166045573444,1.1146190447807802,1.7522850999643556,0.7792736225470775,0.9304097823662609,0.9035792196107317
14,6,0.05,1.2787658616331683,0.9123541933195791,0.7816022541836418,1.4837080960403952,1.5208970655398715,1.1720025146414321,1.30699684234356,0.7396809059350772,1.6122166068386794,0.8352602111647783
14,7,0.05,0.8827832764035244,1.9550562107081269,2.020943964460636,1.2858882343373732,1.0753353351099555,1.1304807508157417,1.1370883628419435,1.3698133007542377,1.2074625331931779,1.1074622777234644
14,8,0.05,1.0822029267085789,0.93379443403088,0.8966762818741012,1.3592616658788583,2.089193315746087,0.8180508400319848,0.9401852036783136,0.8662799872724369,2.192975606105382,1.0957659281222656
14,9,0.05,1.9749310883744133,1.018532712315915,1.3594651686611183,1.1141825427456928,0.779494974274648,0.7585931469572713,1.0331717488115697,2.0770594825195174,1.0096415423223342,0.6704516336724394
14,10,0.05,0.5585143369830357,0.8784388074385105,1.1138509783566615,0.8030709664967766,0.9115535822008622,1.0068449153109564,0.6771561185652764,0.8078070868092799,1.1468456681109849,1.1042937114456954
14,11,0.05,1.2377366383824402,0.9100785096757825,1.238993717547338,0.8931343461299428,1.6490003633302845,0.8695371615786415,0.8581092682989346,1.3075575569812372,0.9238626263077307,2.8197016847396306
14,12,0.05,1.2012175282560538,1.4833235428963638,0.9340165745014096,1.5733193151605362,2.688194507239536,1.1555152847107617,1.5550308263582715,1.095945465995557,2.1392139246291775,0.6049848665172479
14,13,0.05,2.337824486325479,0.562382419999914,0.8554070747371956,1.638290987674793,1.1247051915342314,1.2774325514333682,0.7016185119391709,1.292386425509398,1.0620881200467993,0.49889986547283444
14,14,0.05,1.069245268918827,1.2848172326107428,0.9898357950726958,1.725664015872384,0.709396175202217,1.1391945351921777,0.9697992757293242,1.4484459488640864,0.9849138315232352,1.1069560977596955
14,15,0.05,0.9891725755314396,1.0083009750169851,1.0725395779756788,2.0816662774739267,0.9317325389778622,0.5763926976074343,1.0908110745664181,1.8229971235676095,1.3528549744775704,1.6426131152767853
14,16,0.05,0.7421715607046667,0.9776719994451187,1.6625622210606819,1.937694155768825,1.426583959225728,0.9404267260695934,3.1786056775645672,0.6607877412572376,0.5854240980305532,1.9114990993857275
14,17,0.05,0.923578356148598,0.7856616266560148,0.8254164505675736,1.3472691517430544,0.8666293833643277,1.5501439570964064,1.0373382448214985,2.418642457588174,1.4331644605277434,0.9440841326524201
14,18,0.05,0.7467706130053013,0.9725028648447631,0.6981214637636434,1.0026398956844351,1.0404004577861423,0.7342108878449871,1.3818967609891692,1.0632884834202145,0.8232654832778554,1.3614760829383328
14,19,0.05,1.553956213825892,0.6898940548242476,1.3882094792028292,1.8257500723068332,1.1454757620102927,1.3932282832616587,0.9470925096142075,1.9646001124723,0.839870286337007,1.1825022365740299
14,20,0.05,0.9494216896629826,1.137945272706268,1.069519541938452,1.5718767446433104,1.1875879326621863,0.9868440725075076,1.2922901719527489,1.951069078917921,0.7547164979311466,0.667934073297742
15,1,0.05,1.8112262090053752,1.5812761829526267,1.1778921656586379,1.9479361953931627,0.6791775265433677,0.7447849319090771,1.7469742001508048,0.9558118954466718,1.7517937716590188,1.5389582989867923
15,2,0.05,0.9181318555343925,0.8348707249232045,1.4183204821284123,1.1403618464576266,0.9257627508924704,1.7360504982189207,0.9057155538062694,1.0233628287462182,1.6219468253270874,0.5712501807196901
15,3,0.05,1.3450392785548915,0.5954980977560705,0.9867146905814861,0.7696539991609792,0.9281106238492465,0.7006114085910999,0.9347140932305025,1.1258906428687963,1.0373816811040646,1.2565136908757994
15,4,0.05,1.3594585583786467,1.3005619423967896,1.1686239681064237,1.5184138414393842,1.5149338602070943,0.8234092183941268,1.2067016008430889,1.060663226820514,1.211296024829223,1.4056988508905741
15,5,0.05,0.97581358274718,0.7038538813840955,0.8087830434749904,1.041655209348009,0.8338204784477841,1.361259176191071,1.4268273940102192,1.817462927266121,0.4958555356835082,0.618023339866975
15,6,0.05,1.2705863818246286,1.2224530384181405,1.0073096428024397,0.9135122882673157,1.247866176813732,0.8240578018014982,0.9564740594788802,1.1613776111984948,1.3681739561842887,1.1695438576916122
15,7,0.05,2.064329485478433,0.8498737140409891,1.1890820809893001,0.8033414043797777,0.5904535738617569,0.7038619716146826,1.3105211443960874,1.5613827157679236,1.5586234006024848,1.213707508947569
15,8,0.05,1.4407827643718036,0.8695147997261109,0.9048113912087197,0.8220655861711008,1.050008875599375,1.7533064471458224,1.1749460830363376,1.167402444283333,1.0465336041302868,1.9643322423594225
15,9,0.05,0.5755659886632173,1.4878727116992285,0.6238255085206157,0.7844342390199326,0.7166337809455506,1.1158151166836208,1.6534189011872167,0.800553672531287,1.0273890360148716,1.2422709169758095
15,10,0.05,0.9045459941652395,1.5624976115359992,1.531595190602614,1.504110736549639,0.8238047313128594,0.987577261113058,1.0543746733834285,1.0674154081717853,0.9942137804818408,1.15197262307263
15,11,0.05,2.008678211414302,0.7026132303833783,1.1338719079292228,1.2543025542804203,1.4655721079474477,2.5063227610148777,1.3593869103106668,1.2682667931686995,2.3170434230868935,0.6153947272842129
15,12,0.05,1.7403576108255447,0.7521073299396548,0.8055539474610098,0.9997439603207371,1.3103680140032483,0.6090039152572606,1.1970353619135077,0.7009948606999382,0.9532037472560797,0.6088883207162975
15,13,0.05,1.4340979922255717,0.9304351958989474,1.8381008062312592,0.7534759384086132,1.9184987590855835,0.6177336354587645,1.2867248334779957,1.2041852419059835,1.0593751705139494,1.7507877232149247
15,14,0.05,1.246656152586629,1.007363693426413,0.6219507836369381,0.7471678092873726,0.8917477716766232,1.1107711141802938,0.7572302393050281,0.8758017863796492,0.6123930280796416,1.3608846949406326
15,15,0.05,1.213749877599096,1.7155068658533268,0.9525468195548649,1.240519131394611,0.6637077544578402,1.2955171556672047,1.1982119279333867,1.0188398751287626,1.0840443193094904,2.6936780551996833
15,16,0.05,0.7822839171178184,0.7068649230044084,1.1621958690398442,0.41031916839180926,1.1748274691479605,0.9454090882307917,1.498001173541711,0.6864127140450563,1.5414366689011918,0.4928480381515772
15,17,0.05,0.8352686841088731,0.7440588203561548,0.9400180094314856,2.127202057949354,1.2528080201029526,1.4413678260358975,1.0070640855701136,1.461409144426531,0.7258007534247721,2.0473218210401294
15,18,0.05,1.2062269729126147,0.9035891653850948,0.7379453794886446,1.1588299681204202,2.0336613194462894,0.8901413447541776,1.1549822836627683,2.1186129595126317,0.8110944061277517,1.4933458086625442
15,19,0.05,0.6853809453292823,1.1498607458332506,0.5054818137339763,1.6631154069638137,0.742425619380512,0.7175895888971674,0.8304188181780766,0.8423348681832215,1.464033843984148,1.131948600775954
15,20,0.05,2.331665634420489,1.4791378875488121,0.8062346527884834,1.5036395167567258,0.9970410795313899,1.9532078972359184,1.605854473859037,1.3442436772812028,0.7873090519653054,1.1341605067247564
16,1,0.05,1.456539497439803,1.3022241611494303,0.7966411083099423,1.9731644830369663,0.7107042299233295,0.6647641244120217,0.9761623094169867,1.0697466600406975,1.060556114068269,1.7120089033006844
16,2,0.05,0.9695142031544758,1.0335283428147868,2.6069988288050956,0.6873829570460467,0.7818615974872147,1.4872470950037564,0.8017067092480572,0.7811617877635697,1.6995036805221018,0.968555002559758
16,3,0.05,1.563176379047837,1.1137217947821947,0.9415801898790409,1.6402455696009006,0.9006987378822529,1.346536615751334,1.0119667982162757,1.4784236728878373,0.6748355002898824,0.7719974590653552
16,4,0.05,0.9388464334763345,1.3199005857442638,1.1540978055888569,0.9038728343258293,0.6512612312151032,1.159195156433136,1.3936584020084253,1.5889735938476395,1.352335346677036,1.638760879336104
16,5,0.05,1.2497236571586205,0.8943706355218888,0.9215393594135889,0.7731902340704073,0.7074532338185817,0.7950795308560887,1.086850215204003,1.2470360766617956,0.5719996456934254,1.4358028323364782
16,6,0.05,0.8916847114640187,1.329485092971883,1.1856154364841467,0.49332429486375223,1.2260554256155909,1.0159596507358157,0.5608975136082698,0.6845405528725128,1.0069583845841892,1.145205497645533
16,7,0.05,0.874241343388062,0.9864818906121503,0.8305430940354566,1.080163811243682,1.2067266520255542,1.0249733950269129,1.0676576520047334,0.844557928021898,0.676797748050424,2.22208483901433
16,8,0.05,0.9151443931714971,1.5738102372334717,0.7412914782399169,1.3411621524648156,0.9037368397664273,1.5289169812802972,0.8063689162585761,1.240803775454399,1.1354897735503697,0.6721239349992483
16,9,0.05,1.2774867662009683,0.8952700933878235,1.2939713134967477,0.9436723977695354,0.3814800293634375,1.9427332493794998,1.3622698591057747,1.4770232472973988,1.0725182272510465,0.6403381949314875
16,10,0.05,0.6508217348867161,1.6981127504730789,1.2932076430063233,1.3481234193285454,0.6257959978491205,1.142527568407673,2.0633128319713157,1.5954635405438122,0.8973476388751195,0.6824132187068178
16,11,0.05,1.0005913201310992,0.8980801951109414,1.0921618528086572,1.0052938718378635,1.1600970002696358,0.8177804383055297,1.0314935632929458,1.1007579821134665,0.9584998136509274,1.2558694724261894
16,12,0.05,0.49277327879786087,2.2913072167064312,1.0971384238248876,1.1194510817902763,0.8152412746963151,1.570253180995536,1.0519868403935735,0.5994795350403698,1.1641759098880589,0.9184870759360847
16,13,0.05,1.4000637290552849,1.2339780323994038,1.090577227187544,1.2720030250497882,0.8462733377808862,0.9942958533788092,1.3783818661546414,1.3351721798732192,1.8411947637502393,1.016032881036241
16,14,0.05,1.1028672312854246,1.1075756908207053,0.6665562349379643,1.6653598792207303,1.107788411022895,1.2416620591629024,1.1473987046715057,1.5598046743135248,1.6248201481323123,0.8403608299715276
16,15,0.05,0.7755792950683384,2.137968673774859,1.0625004925258024,1.6571679659311678,1.06017296333506,0.9121389934860655,2.2924921091415467,0.5197164680275065,0.7588391140046978,1.5132483957840654
16,16,0.05,0.6265992869462504,0.7196784145005686,1.0937420325414589,1.6192563041864998,1.2228145419475054,1.2422242249929283,1.6594982034215244,1.0110374346158586,3.3454882811413498,1.7476455107379485
16,17,0.05,0.9846537338622142,1.5524172238765037,1.3898117851756004,0.9465133184368892,1.1533462933937235,1.0041778032408955,1.1315439713778326,1.4423084790519032,0.63193709669005,1.6751075413660663
16,18,0.05,0.7282515691312272,0.882411042194424,0.9175902405557077,1.2478853438405504,0.9179979995260202,0.8061927539130822,1.3535637975198744,1.1091853415142015,1.1744629118332215,0.8346436206998625
16,19,0.05,1.0891724991065888,1.4892329354173373,1.3509093538230892,0.8352346011169295,1.8746974043908395,1.7209353065389348,0.8576333640724816,0.908273709612898,1.1944453621200513,1.0998743345372104
16,20,0.05,0.7986325768142001,1.9043595767094603,2.4593066955082636,2.658765024790363,1.302807188533668,2.0438523671164552,0.8868594207667803,1.4514445242213583,0.9954174797825239,1.337557053149683
17,1,0.05,1.0499287816231253,0.9800490534518772,1.0038341209789694,1.0347515221269177,0.8337494997548649,0.9125901335917176,0.7918082554716807,1.4344826152204098,1.416445471234735,0.925029681520332
17,2,0.05,0.820295240834471,0.8303616611929462,1.0584872903396605,0.9284966838959102,1.7639385165863772,1.2431427744278178,0.9965890232369012,0.8405098050851916,0.9734111042969271,0.8168406222637578
17,3,0.05,0.8674961715827477,1.543549031972904,1.6752166620485667,1.0171175038858615,1.7910669441937914,1.555625861361626,1.0003086746907677,1.4219104605382515,1.2596145781937063,1.253315037487882
17,4,0.05,0.28074128895359124,0.9978933731251015,1.2363474006230946,1.926977947288801,0.7149512172138364,1.4610206849642107,0.8239770434763047,0.9216372468331704,0.5313136606394825,1.4968001022903927
17,5,0.05,2.5728485923408226,0.962566545491551,0.7755671396549978,1.5342181798739285,1.5339067466188603,0.8311603152474806,0.8026336089249583,1.0263770684381643,1.0308458836958956,1.6464128420521669
17,6,0.05,0.9505924406438209,1.0878313809050135,1.4659784668500149,2.491619851826191,1.2904624473122368,0.9961783815388419,1.114175513497242,1.4302405539365441,1.7866505908191694,0.5357311181896656
17,7,0.05,1.347866352786796,1.7651076541725272,1.3833427249783947,1.7847757370096384,1.2380813446787453,1.1704322635783122,0.6032560270575253,1.2346561381177381,1.3562835329721656,1.0707582633548698
17,8,0.05,0.9615219459996709,1.3808345073199946,2.1289670161520813,1.468986460905245,0.5005840898731542,1.1192534399933465,0.9632087320946823,1.2207897884314494,0.7129352474613416,0.5996424337218738
17,9,0.05,1.0150780946542082,0.7877440564011207,1.4413734814292618,1.7332776457065808,1.1347350452752383,0.727779471419204,0.620805117035932,0.66344881376933,1.9429047221373874,1.6219559034903552
17,10,0.05,1.9922151569071005,0.7711692395054612,1.075086910084429,2.003809987963003,1.4606159448337834,0.808961447737563,0.9339312265605624,0.9540040270656315,0.538728411694058,0.6920251059267521
17,11,0.05,0.724549626373691,1.4438381524163029,0.8802266798453267,1.518806058868801,1.3812878659077774,1.07626751119464,1.011413020532513,1.0097917339419702,1.1360287729152518,1.1407020642668029
17,12,0.05,0.8698795509415185,0.8758788259420953,0.645555966505043,1.536126332574518,0.9639778554776801,0.877376990768624,0.6952229904153339,1.2093145669407617,0.43223142207045123,1.4831302852849269
17,13,0.05,0.8617297108244569,1.332107641063717,1.3555388647311535,1.4200169041925466,0.8750803823902915,0.8475240845245086,0.9942465660354666,1.2286133675644468,0.6543204445145664,1.3750121585512876
17,14,0.05,0.47506017595227695,0.9368158150279041,1.1398714414328681,0.7660395466956194,1.1459419422766317,1.9642526163845362,0.7816544040647107,0.925875735511184,0.9705165811599685,0.9084062726524111
17,15,0.05,0.8537057410059382,1.0483304229426498,0.6787362606713423,1.014467590043371,0.6753892873742348,1.0560025578367211,0.9611376800421825,0.5685498248726324,0.7172532683567167,1.5592352310538544
17,16,0.05,0.5434823399782722,0.8442547846615395,1.2738888057465791,1.1506335678457114,0.9310959996189285,0.783594449195246,1.3340602942311195,1.2556270033379446,1.3419159825871663,0.6160192332646172
17,17,0.05,0.8380280249421734,1.840915950283526,1.1023784282227727,1.2306134478045285,0.7252520278876438,0.6039253401320672,1.3511333565475665,0.854872924360035,0.7231171276899844,1.0956505829569516
17,18,0.05,1.2732020425725858,1.2042801970189032,0.5193557984351247,1.625575295912726,0.6049655659290432,1.1199352878587618,1.274715452724589,1.2919379800809243,1.5192655937596415,2.0017237415359013
17,19,0.05,1.3426466856065256,0.814624967435347,0.8597802811299766,2.087081180580089,1.2166281346992243,1.244557463849397,1.257721591605381,0.6802298072971049,0.9544352115040636,0.8106160338651374
17,20,0.05,0.773680169166334,0.8564289324524883,1.487056600288461,1.1182901748673788,0.9315052866392024,1.2148214818468333,0.8978116184306308,1.1592406726617224,0.8578212079359868,0.7947363665036286
18,1,0.05,1.5363773414129729,0.8747061000759248,1.4783883978406438,1.2079474666659373,1.9980223626086717,0.9468412601923205,1.7012371678717693,1.1496787932178334,1.542355725177325,0.7635544545689968
18,2,0.05,1.1459910134693756,1.0994565872069817,1.1622698998442065,0.9022980424190485,0.8296984406329506,1.2328489743164304,1.2215598720101655,0.9543886904889884,1.1698610126786986,1.1794324327490413
18,3,0.05,1.5996293090515579,1.0266050017983754,0.8351535392221148,1.1322036180561812,0.7609864588013253,0.8378876998666571,1.070993053017455,0.6328875401790133,1.5081489586693266,1.305625779534475
18,4,0.05,1.4381502152973287,1.019178583003898,1.378343720138684,0.9059150390918509,0.7648403667470043,1.4193018641690949,0.9578990755966226,1.3655708070826886,1.3108935529615662,1.422731431340937
18,5,0.05,1.1982591248162948,1.7904873003616484,0.988213782661012,1.069128646183751,1.3189573170083282,1.2174094753122857,1.0887035579195161,1.0674749045823237,2.2724361658840158,2.3847926409986617
18,6,0.05,1.180117571152686,1.5606422639697464,0.8588490623163194,0.9837856096556223,0.8808911273740812,1.06804068039893,0.9104822521921068,1.0080280556397276,0.764303678696905,1.107179639586141
18,7,0.05,1.0384942668089614,0.6683015989577782,1.1491661990894184,0.7644323433520603,0.9785890638119045,1.6575428753522288,0.902434812349371,1.2282002134798715,0.9111592897263209,0.868131942886303
18,8,0.05,1.8190476115687217,1.294904028543654,0.8315405553141308,0.8467071191044825,1.410187817257674,1.2825015925058283,1.423814370018293,0.8095048940451529,0.7398581722769373,0.9139187468337836
18,9,0.05,1.336457414935347,0.9205560519147891,0.7755652697285089,0.9665953706152569,1.3396606457333164,1.2172478074515198,1.3818337785986592,1.5163240769012218,1.3771021708689262,1.1623188289399229
18,10,0.05,0.7300591507974954,0.81464613627428,0.7892356797766376,1.0249018941113337,0.9886785769380653,0.6439182155130418,0.568072527721846,1.2017171009123584,1.4211332857040868,1.6417685523365368
18,11,0.05,0.9785045792340614,1.152102815534877,0.6468854681408507,1.4793215189917825,0.7485863040369884,1.1301977736692606,1.0311887132245763,0.898276092698074,1.344845962718731,1.137366557952791
18,12,0.05,1.1462797230561064,1.699403323031263,1.0549217307007943,1.2753557208590651,1.0139591922157678,1.125035904303251,1.4943192145765056,1.7176225328937718,0.9703991625094076,1.4649362542060609
18,13,0.05,1.8743068390320483,1.4459748452785883,1.0935852830569037,0.7140021262697634,0.5236933571151392,0.8511352791418663,1.0685876480143681,1.553940750390453,2.8971481950865003,1.165963641240954
18,14,0.05,0.7476635757697769,1.0735922983322685,1.1653539302547886,1.3417064923127595,1.9876744271882005,1.1012166515812098,1.1978814927180412,1.0789414020496992,0.7623364195969782,2.342352323869532
18,15,0.05,1.044750258252842,0.7551467405400893,1.8392539701145725,1.0027761288589154,1.474504095905207,1.0508986066288208,0.5608324686847547,0.9473089891641877,1.7095099732266723,1.0283347762195738
18,16,0.05,1.7154745016156936,1.1147383925670227,1.136488610877845,1.0744337663503867,1.0407853204526647,1.0729864014817483,1.4278833129068995,1.7967575877049509,0.8432058103657383,1.9520177102882221
18,17,0.05,1.1040539601163304,1.45045290611516,0.7751330473980766,1.7836481076082664,1.8430229424333038,1.4007360766119379,2.471112091401218,0.7800670457574976,1.1514502922780538,1.8393775092760698
18,18,0.05,1.7947313175441577,0.927720952059779,1.6709242886402647,1.1340048584419882,1.1630082293190707,0.5661339447168022,0.905420508060923,0.8644048926797403,1.259736949989442,0.6800107960199178
18,19,0.05,0.6914502531961518,1.1680920765936393,0.9478982390535946,1.6112719360476615,0.7461973260427962,1.5001960001816959,1.1672219871933411,0.5188701534633038,0.8506245017603826,0.7997096100665928
18,20,0.05,1.4114454324196377,1.4303943171828581,1.1405085419845986,0.7035218605206287,0.7384000811277626,1.252258757581536,0.8145178395389704,1.190245437470145,0.534134897509787,0.9482386912843493
19,1,0.05,0.8607064093383359,0.9031680561098414,0.6766244915526118,0.9639123842192567,1.6549668285677044,1.2199515198544562,1.099635884723247,1.1180796709605167,1.5183711350022016,0.589043894425307
19,2,0.05,1.3070287756196883,0.8282783509549346,1.5892529462969125,0.4930475075528566,0.9819661325655175,1.7277696924628143,1.422157376903614,0.6135867909320118,0.8515327218764545,0.8105941058573625
19,3,0.05,1.7337942470712184,1.1737434264679765,1.102271976509794,1.3529224429428415,0.8479730610838538,2.032381763708647,0.718272599520237,1.8230731781623675,1.320988025090943,0.9972452495553008
19,4,0.05,0.5449506139283978,1.4529270416596773,1.0015584341939843,0.6668527401500679,0.8927477029087673,1.1078131211657787,0.888725393432424,1.1414355598993737,1.820003098973566,1.6007075334532193
19,5,0.05,1.1840842942327172,1.2981092125728193,1.957930413761856,0.7174659853875851,1.0870015472719214,1.1041066133307098,0.6937556701439468,1.3655443359061663,1.1206542724712736,0.8071500874645487
19,6,0.05,1.1171200428757757,1.1714721822937353,0.9253951757951158,1.7462852233518846,0.6011233917077012,1.4467959889659507,1.038893704412468,0.6218064266784823,2.886223583467739,0.539917302540941
19,7,0.05,1.2130477396104558,0.7926929816314425,1.7763661958239896,1.2185637662468471,1.221845770365299,1.3480338921197554,0.9814073189477649,1.2083485880658933,0.9076487758432318,1.3906485148791599
19,8,0.05,0.8041068661986182,1.149636289809965,1.3416521570978892,1.3751066858089915,0.9947217124553674,1.3438925732764844,1.03385767937293,1.3819208759995076,0.9066910745621426,1.9114660650882656
19,9,0.05,1.2001598517698921,1.5420568304669473,0.579417019189804,1.5469029243511219,1.1294885989273196,0.8066310884695517,0.6042039715023928,1.2561622648980308,0.8501983868770324,1.5947222589409655
19,10,0.05,0.8132197056890023,1.401955434166798,0.8306032343081939,0.7192760553354676,0.8714960968255666,0.5924900661884916,0.6815883970769231,1.5948148814660956,1.304859980240071,2.0897408674463374
19,11,0.05,0.5991440089208219,0.7921373026259716,0.7443040262842946,0.8668783977028278,0.8328147053117618,0.452614489873232,0.7894390581643466,0.8179027648642976,0.947344045002258,1.1155289457585853
19,12,0.05,1.2632665500017533,1.6407141478494571,1.1815897838747131,1.539735928487347,1.302731043344091,1.3188537432497236,1.047277074205115,2.1329157342435012,1.538616585364903,1.6818616857367557
19,13,0.05,1.1864994621563711,1.3944687037860137,1.0287062795579802,0.7907235573154621,0.703041796273491,1.5630644282307073,1.0132963736690854,1.3000589924201333,0.7202510044670716,1.2370639293970356
19,14,0.05,1.5272458090328094,0.5086525501970305,1.6829110250304904,1.2462094126668584,2.126944276522434,0.9964992892445886,1.283809349746233,0.7539800888392676,0.874698761570411,1.7107050609622394
19,15,0.05,1.335200059104484,1.9692110310891957,1.3907502185410927,1.1734597570933678,0.6528640536279178,1.3575192461410994,1.1738157823601654,1.0280765673691417,0.8909552054445011,0.7851349114744886
19,16,0.05,0.695228159024037,1.0398561074768202,0.8469268963484572,1.609431846117366,1.0213559360354527,1.2118938239974204,1.4950368015853797,1.3464307282291563,1.4043678822141858,1.0262096304480515
19,17,0.05,1.3207729542217495,2.216707852553351,1.2627340524435704,2.401784259511475,2.276663224351218,0.6797009530941693,1.0298739479202845,0.7674874991733301,0.6395899763107392,0.8162819035474416
19,18,0.05,0.9379333300332722,0.8984765939592265,0.9771134140508323,0.5070197182250787,1.1956638748807245,1.6092523574060138,1.1162401980396863,0.9401076332718022,1.970503894093984,1.2747708758092564
19,19,0.05,0.7307977749388908,0.7795537259738973,1.1884608223812452,1.1367134001125838,1.722101882812702,1.4210533283933136,0.7428637668509385,1.1459200993823708,0.9183514862020322,1.1975088743896063
19,20,0.05,1.6944925416468104,1.2439200646120319,1.2736608998402439,1.0259692841945536,1.1296010738111093,1.045661573323329,1.0452729364870086,1.1207587466935394,1.0178963222797992,0.9585363337038778
20,1,0.05,1.6141513223212658,1.3728424297180217,1.4483699990047851,0.5944499763790345,0.9660083316180775,2.0104706093783604,0.7406722315915505,1.3452102769978431,0.7594836952470237,1.2255574468419166
20,2,0.05,0.8934696333401343,1.0524456516103926,0.9820535896688763,0.5420104299454217,1.032943572770265,0.9974297447828202,0.8927547797985076,2.178573544825996,0.7398825688064554,1.192511258270012
20,3,0.05,1.4155022776330894,0.9771450073084149,0.9592080326613268,0.5493420305245788,1.440095006134709,1.0861590481078485,0.8612350624984633,0.8450846765443558,2.1907580786722214,1.6288894167119645
20,4,0.05,1.1538850295689025,1.1674536652449452,0.9340938259888809,0.6490861062193212,1.3633743278049464,0.6213498726496596,0.5106358348521115,0.936834825814757,1.382454307319182,0.39574379257168835
20,5,0.05,0.6609574184967892,0.8634130197386878,1.183930960171709,0.6020510915248034,0.9797880667149234,0.7958242736868653,0.8883226797257952,1.7428342188790042,1.2627884671491194,2.5208841180489956
20,6,0.05,0.9670562743212217,1.2562489415582583,0.7205257542493826,1.2275294061396484,1.2259618561420846,0.7135719509904318,1.5283181754197948,0.9769899613396903,1.254759079394252,0.7645573867474806
20,7,0.05,2.7648930847074724,1.1224746825082383,1.441960722669703,1.0480261831475488,0.5184336138299033,0.7835736451724936,0.9709676101331227,0.994694361156279,1.7405323352525035,1.027172636877335
20,8,0.05,0.7919813852302345,1.160021541863444,1.2103251654916192,1.3500846757744416,0.6864630783720755,1.540129364127929,0.8537188707656265,1.2585326721909516,2.0277337988547472,1.3348946520453036
20,9,0.05,1.8672356065186835,1.2399159157647828,1.0161014387131653,0.9828160598769022,0.6256780063058777,1.0575996857463013,0.9015046453078248,0.7058409963214531,0.7530292827662752,1.3116409971520717
20,10,0.05,0.9487114900852714,1.093337967570455,0.897147456307429,1.1147141545275354,1.3914859693319164,0.7559790431693793,0.7002763446824951,1.8305515906018233,0.5966459749551365,0.9851340735671109
20,11,0.05,0.8226456289914454,0.5779601901191195,1.0969388485049913,0.6291127909274535,1.170687088715033,1.3956906068285515,1.1647663955479453,0.7386798224442579,1.347974805820806,0.47554810280105725
20,12,0.05,1.2334771851066773,2.111170261178896,1.4699581032130689,0.7102114432110471,0.9063679739061187,1.3180487233521738,1.0793965382121735,1.5968148636240773,0.9256840590740105,0.949361853231227
20,13,0.05,1.7191345291790545,0.963677143882732,0.7698944989973111,1.1354176023579796,0.6538009372859777,1.2781331369406752,1.0552302144016308,1.091706274274698,0.9537831664785227,0.909534117443951
20,14,0.05,1.6989673238900758,0.7134706642458161,0.9576877008792322,0.7381061948111947,1.6455823048418154,1.189748605830304,0.920719652059027,1.168647491906184,1.317233768532212,1.953034492022321
20,15,0.05,1.7464731751250917,1.4087855367677007,0.7427391980471644,1.4092638770572736,1.6044951697427536,0.7857421048126938,1.305255772672997,1.4944695413965052,0.8992056782680526,1.2062972270107812
20,16,0.05,1.5118440463118201,1.1121176685544027,1.162887776618037,1.3971509854453832,1.64143983664813,1.1308534272019344,1.3339522810773772,1.5387582761955618,1.1884157271419555,1.2332980061900294
20,17,0.05,1.0461935481278088,1.1069288884239417,1.5394469474207773,2.3620610894265006,0.5089652160788473,2.2131816038216288,1.1143354887595325,1.1100082316343642,2.250174225428703,0.7970006156427154
20,18,0.05,1.0237049930960387,1.080905519290974,1.54593073496573,1.4492051245654602,1.1652711707588739,1.4140174360415725,1.885623756105789,1.1651760015998502,2.338351818650443,0.4198012856876316
20,19,0.05,1.035466741018809,0.5910969968065142,1.382765075398845,0.9093143722493184,1.6381757082721957,0.8815679469545527,0.583652521749763,0.7450538545796868,1.0975278534231963,2.3435607472371123
20,20,0.05,0.7673080832775796,0.9838395649321373,1.3429454982747546,1.1431959564619019,0.691394343621182,0.559341580317757,1.2079202491970076,1.0080773007532964,4.442080828305995,1.248618609437379
